﻿{"class":[{"id":"B","className":"(AP)일반물리학Ⅱ","place":"물교","day":"0","time":"0"},{"id":"B","className":"(AP)미적분학Ⅱ","place":"수교2","day":"0","time":"0"},{"id":"B","className":"(AP)일반화학Ⅱ","place":"화실1","day":"0","time":"0"},{"id":"B","className":"(AP)일반물리학Ⅱ","place":"물교","day":"0","time":"1"},{"id":"B","className":"(AP)미적분학Ⅱ","place":"수교2","day":"0","time":"1"},{"id":"B","className":"(AP)일반화학Ⅱ","place":"화실1","day":"0","time":"1"},{"id":"B2","className":"단체운동","place":"체육관","day":"0","time":"1"},{"id":"Z","className":"논리적글쓰기","place":"인문1","day":"0","time":"2"},{"id":"Z","className":"아티언스","place":"음악실","day":"0","time":"2"},{"id":"Z","className":"고급영어작문","place":"외국어2","day":"0","time":"2"},{"id":"Z","className":"생명과학실험Ⅱ","place":"생실1","day":"0","time":"2"},{"id":"Z","className":"논리적글쓰기","place":"인문1","day":"0","time":"3"},{"id":"Z","className":"아티언스","place":"음악실","day":"0","time":"3"},{"id":"Z","className":"고급영어작문","place":"외국어2","day":"0","time":"3"},{"id":"Z","className":"생명과학실험Ⅱ","place":"생실1","day":"0","time":"3"},{"id":"D","className":"(AP)미적분학Ⅱ","place":"수교2","day":"0","time":"4"},{"id":"D1","className":"융합수학Ⅰ","place":"수교4","day":"0","time":"4"},{"id":"D1","className":"웹프로그래밍","place":"컴실1","day":"0","time":"4"},{"id":"D1","className":"정수론","place":"수교1","day":"0","time":"4"},{"id":"D","className":"(AP)미적분학Ⅱ","place":"수교2","day":"0","time":"5"},{"id":"D1","className":"융합수학Ⅰ","place":"수교4","day":"0","time":"5"},{"id":"D1","className":"웹프로그래밍","place":"컴실1","day":"0","time":"5"},{"id":"D1","className":"정수론","place":"수교1","day":"0","time":"5"},{"id":"W","className":"논리적글쓰기","place":"인문1","day":"0","time":"6"},{"id":"W","className":"아티언스","place":"음악실","day":"0","time":"6"},{"id":"W","className":"고급영어토론","place":"외국어2","day":"0","time":"6"},{"id":"W","className":"(AP)일반물리학실험Ⅱ","place":"물실2","day":"0","time":"6"},{"id":"W","className":"논리적글쓰기","place":"인문1","day":"0","time":"7"},{"id":"W","className":"아티언스","place":"음악실","day":"0","time":"7"},{"id":"W","className":"고급영어토론","place":"외국어2","day":"0","time":"7"},{"id":"W","className":"(AP)일반물리학실험Ⅱ","place":"물실2","day":"0","time":"7"},{"id":"Y","className":"논리적글쓰기","place":"인문1","day":"1","time":"0"},{"id":"Y","className":"아티언스","place":"음악실","day":"1","time":"0"},{"id":"Y","className":"고급영어작문","place":"외국어2","day":"1","time":"0"},{"id":"Y","className":"(AP)일반물리학실험Ⅱ","place":"물실2","day":"1","time":"0"},{"id":"Y","className":"논리적글쓰기","place":"인문1","day":"1","time":"1"},{"id":"Y","className":"아티언스","place":"음악실","day":"1","time":"1"},{"id":"Y","className":"고급영어작문","place":"외국어2","day":"1","time":"1"},{"id":"Y","className":"(AP)일반물리학실험Ⅱ","place":"물실2","day":"1","time":"1"},{"id":"L","className":"물상과학과 융합","place":"물실1","day":"1","time":"2"},{"id":"L","className":"아름다운바이오","place":"화실2","day":"1","time":"2"},{"id":"L","className":"융합수학Ⅰ","place":"수교4","day":"1","time":"2"},{"id":"L1","className":"법과정치","place":"인문3","day":"1","time":"2"},{"id":"L","className":"물상과학과 융합","place":"물실1","day":"1","time":"3"},{"id":"L","className":"아름다운바이오","place":"화실2","day":"1","time":"3"},{"id":"L","className":"융합수학Ⅰ","place":"수교4","day":"1","time":"3"},{"id":"L1","className":"법과정치","place":"인문3","day":"1","time":"3"},{"id":"X","className":"논리적글쓰기","place":"인문1","day":"1","time":"4"},{"id":"X","className":"아티언스","place":"음악실","day":"1","time":"4"},{"id":"X","className":"고급영어작문","place":"외국어2","day":"1","time":"4"},{"id":"X","className":"법과정치","place":"인문3","day":"1","time":"4"},{"id":"X","className":"논리적글쓰기","place":"인문1","day":"1","time":"5"},{"id":"X","className":"아티언스","place":"음악실","day":"1","time":"5"},{"id":"X","className":"고급영어작문","place":"외국어2","day":"1","time":"5"},{"id":"X","className":"법과정치","place":"인문3","day":"1","time":"5"},{"id":"M","className":"물상과학과 융합","place":"물실1","day":"1","time":"6"},{"id":"M","className":"아름다운바이오","place":"화실2","day":"1","time":"6"},{"id":"M","className":"컴퓨팅사고력과 문제해결","place":"AI융합","day":"1","time":"6"},{"id":"M","className":"융합수학Ⅰ","place":"수교6","day":"1","time":"6"},{"id":"C","className":"(AP)미적분학Ⅱ","place":"수교2","day":"1","time":"7"},{"id":"C","className":"(AP)일반물리학Ⅱ","place":"물교","day":"1","time":"7"},{"id":"C","className":"(AP)일반생물학","place":"화실1","day":"1","time":"7"},{"id":"C1","className":"융합수학Ⅰ","place":"수교6","day":"1","time":"7"},{"id":"C","className":"(AP)미적분학Ⅱ","place":"수교2","day":"1","time":"8"},{"id":"C","className":"(AP)일반물리학Ⅱ","place":"물교","day":"1","time":"8"},{"id":"C","className":"(AP)일반생물학","place":"화실1","day":"1","time":"8"},{"id":"C2","className":"단체운동","place":"체육관","day":"1","time":"8"},{"id":"A","className":"(AP)미적분학Ⅱ","place":"수교2","day":"2","time":"0"},{"id":"A","className":"(AP)일반물리학Ⅱ","place":"물교","day":"2","time":"0"},{"id":"A","className":"(AP)일반화학Ⅱ","place":"화실1","day":"2","time":"0"},{"id":"A","className":"(AP)일반생물학","place":"생교","day":"2","time":"0"},{"id":"A","className":"(AP)미적분학Ⅱ","place":"수교2","day":"2","time":"1"},{"id":"A","className":"(AP)일반물리학Ⅱ","place":"물교","day":"2","time":"1"},{"id":"A","className":"(AP)일반화학Ⅱ","place":"화실1","day":"2","time":"1"},{"id":"A","className":"(AP)일반생물학","place":"생교","day":"2","time":"1"},{"id":"O","className":"물상과학과 융합","place":"물실1","day":"2","time":"2"},{"id":"O","className":"정수론","place":"수교1","day":"2","time":"2"},{"id":"O","className":"아름다운바이오","place":"화실2","day":"2","time":"2"},{"id":"O1","className":"고급영어토론","place":"외국어2","day":"2","time":"2"},{"id":"O","className":"물상과학과 융합","place":"물실1","day":"2","time":"3"},{"id":"O","className":"정수론","place":"수교1","day":"2","time":"3"},{"id":"O","className":"아름다운바이오","place":"화실2","day":"2","time":"3"},{"id":"O1","className":"고급영어토론","place":"외국어2","day":"2","time":"3"},{"id":"N","className":"물상과학과 융합","place":"물실1","day":"2","time":"4"},{"id":"N","className":"아름다운바이오","place":"화실2","day":"2","time":"4"},{"id":"N","className":"컴퓨팅사고력과 문제해결","place":"AI융합","day":"2","time":"4"},{"id":"C","className":"(AP)미적분학Ⅱ","place":"수교2","day":"3","time":"0"},{"id":"C","className":"(AP)일반물리학Ⅱ","place":"물교","day":"3","time":"0"},{"id":"C","className":"(AP)일반생물학","place":"화실1","day":"3","time":"0"},{"id":"C1","className":"융합수학Ⅰ","place":"수교6","day":"3","time":"0"},{"id":"C","className":"(AP)미적분학Ⅱ","place":"수교2","day":"3","time":"1"},{"id":"C","className":"(AP)일반물리학Ⅱ","place":"물교","day":"3","time":"1"},{"id":"C","className":"(AP)일반생물학","place":"화실1","day":"3","time":"1"},{"id":"C1","className":"융합수학Ⅰ","place":"수교6","day":"3","time":"1"},{"id":"N","className":"물상과학과 융합","place":"물실1","day":"3","time":"2"},{"id":"N","className":"아름다운바이오","place":"화실2","day":"3","time":"2"},{"id":"N","className":"컴퓨팅사고력과 문제해결","place":"AI융합","day":"3","time":"2"},{"id":"N1","className":"법과정치","place":"인문3","day":"3","time":"2"},{"id":"N","className":"물상과학과 융합","place":"물실1","day":"3","time":"3"},{"id":"N","className":"아름다운바이오","place":"화실2","day":"3","time":"3"},{"id":"N","className":"컴퓨팅사고력과 문제해결","place":"AI융합","day":"3","time":"3"},{"id":"N1","className":"법과정치","place":"인문3","day":"3","time":"3"},{"id":"B","className":"(AP)일반물리학Ⅱ","place":"물교","day":"3","time":"4"},{"id":"B","className":"(AP)미적분학Ⅱ","place":"수교1","day":"3","time":"4"},{"id":"B","className":"(AP)일반화학Ⅱ","place":"화실1","day":"3","time":"4"},{"id":"B1","className":"법과정치","place":"인문3","day":"3","time":"4"},{"id":"B","className":"(AP)일반물리학Ⅱ","place":"물교","day":"3","time":"5"},{"id":"B","className":"(AP)미적분학Ⅱ","place":"수교1","day":"3","time":"5"},{"id":"B","className":"(AP)일반화학Ⅱ","place":"화실1","day":"3","time":"5"},{"id":"B1","className":"법과정치","place":"인문3","day":"3","time":"5"},{"id":"L","className":"물상과학과 융합","place":"물실1","day":"3","time":"6"},{"id":"L","className":"아름다운바이오","place":"화실2","day":"3","time":"6"},{"id":"L","className":"융합수학Ⅰ","place":"수교1","day":"3","time":"6"},{"id":"M","className":"물상과학과 융합","place":"물실1","day":"3","time":"7"},{"id":"M","className":"아름다운바이오","place":"화실2","day":"3","time":"7"},{"id":"M","className":"컴퓨팅사고력과 문제해결","place":"AI융합","day":"3","time":"7"},{"id":"M","className":"융합수학Ⅰ","place":"수교6","day":"3","time":"7"},{"id":"M1","className":"(AP)일반화학실험Ⅱ","place":"화실1","day":"3","time":"7"},{"id":"M","className":"물상과학과 융합","place":"물실1","day":"3","time":"8"},{"id":"M","className":"아름다운바이오","place":"화실2","day":"3","time":"8"},{"id":"M","className":"컴퓨팅사고력과 문제해결","place":"AI융합","day":"3","time":"8"},{"id":"M","className":"융합수학Ⅰ","place":"수교6","day":"3","time":"8"},{"id":"M1","className":"(AP)일반화학실험Ⅱ","place":"화실1","day":"3","time":"8"},{"id":"D","className":"(AP)미적분학Ⅱ","place":"수교2","day":"4","time":"0"},{"id":"D2","className":"단체운동","place":"체육관","day":"4","time":"0"},{"id":"D","className":"(AP)미적분학Ⅱ","place":"수교2","day":"4","time":"1"},{"id":"D1","className":"융합수학Ⅰ","place":"수교4","day":"4","time":"1"},{"id":"D1","className":"웹프로그래밍","place":"컴실2","day":"4","time":"1"},{"id":"D1","className":"정수론","place":"수교1","day":"4","time":"1"},{"id":"A","className":"(AP)미적분학Ⅱ","place":"수교2","day":"4","time":"2"},{"id":"A","className":"(AP)일반물리학Ⅱ","place":"물교","day":"4","time":"2"},{"id":"A","className":"(AP)일반화학Ⅱ","place":"화실1","day":"4","time":"2"},{"id":"A","className":"(AP)일반생물학","place":"생교","day":"4","time":"2"},{"id":"A","className":"(AP)미적분학Ⅱ","place":"수교2","day":"4","time":"3"},{"id":"A","className":"(AP)일반물리학Ⅱ","place":"물교","day":"4","time":"3"},{"id":"A","className":"(AP)일반화학Ⅱ","place":"화실1","day":"4","time":"3"},{"id":"A","className":"(AP)일반생물학","place":"생교","day":"4","time":"3"},{"id":"O","className":"물상과학과 융합","place":"물실1","day":"4","time":"4"},{"id":"O","className":"정수론","place":"수교1","day":"4","time":"4"},{"id":"O","className":"아름다운바이오","place":"화실2","day":"4","time":"4"}],"user":[{"name":" 이름","id":"학번","data":[{"className":"(AP)미적분학Ⅱ","id":"(AP)미적분학Ⅱ분반"},{"className":"(AP)일반물리학Ⅱ","id":"(AP)일반물리학Ⅱ분반"},{"className":"(AP)일반화학Ⅱ","id":"(AP)일반화학Ⅱ분반"},{"className":"(AP)일반생물학","id":"(AP)일반생물학분반"},{"className":"융합수학Ⅰ","id":"융합수학Ⅰ분반"},{"className":"웹프로그래밍","id":"웹프로그래밍분반"},{"className":"단체운동","id":"단체운동분반"},{"className":"정수론","id":"정수론분반"},{"className":"물상과학과 융합","id":"물상과학과 융합분반"},{"className":"아름다운바이오","id":"아름다운바이오분반"},{"className":"컴퓨팅사고력과 문제해결","id":"컴퓨팅사고력과 문제해결분반"},{"className":"법과정치","id":"법과정치분반"},{"className":"(AP)일반화학실험Ⅱ","id":"(AP)일반화학실험Ⅱ분반"},{"className":"(AP)일반물리학실험Ⅱ","id":"(AP)일반물리학실험Ⅱ분반"},{"className":"생명과학실험Ⅱ","id":"생명과학실험Ⅱ분반"},{"className":"논리적글쓰기","id":"논리적글쓰기분반"},{"className":"아티언스","id":"아티언스분반"},{"className":"고급영어작문","id":"고급영어작문분반"},{"className":"고급영어토론","id":"고급영어토론분반"}]},{"name":"김지후","id":"20101","data":[{"className":"(AP)미적분학Ⅱ","id":"C"},{"className":"(AP)일반화학Ⅱ","id":"B"},{"className":"(AP)일반생물학","id":"A"},{"className":"융합수학Ⅰ","id":"D1"},{"className":"단체운동","id":"D2"},{"className":"물상과학과 융합","id":"M"},{"className":"아름다운바이오","id":"N"},{"className":"법과정치","id":"L1"},{"className":"생명과학실험Ⅱ","id":"Z"},{"className":"논리적글쓰기","id":"W"},{"className":"아티언스","id":"X"},{"className":"고급영어토론","id":"O1"}]},{"name":"손이현","id":"20102","data":[{"className":"(AP)미적분학Ⅱ","id":"C"},{"className":"(AP)일반화학Ⅱ","id":"B"},{"className":"(AP)일반생물학","id":"A"},{"className":"융합수학Ⅰ","id":"D1"},{"className":"단체운동","id":"D2"},{"className":"물상과학과 융합","id":"L"},{"className":"아름다운바이오","id":"M"},{"className":"법과정치","id":"N1"},{"className":"생명과학실험Ⅱ","id":"Z"},{"className":"논리적글쓰기","id":"X"},{"className":"아티언스","id":"W"},{"className":"고급영어작문","id":"Y"}]},{"name":"오서연","id":"20103","data":[{"className":"(AP)미적분학Ⅱ","id":"C"},{"className":"(AP)일반물리학Ⅱ","id":"A"},{"className":"(AP)일반화학Ⅱ","id":"B"},{"className":"융합수학Ⅰ","id":"D1"},{"className":"단체운동","id":"D2"},{"className":"물상과학과 융합","id":"M"},{"className":"아름다운바이오","id":"O"},{"className":"법과정치","id":"L1"},{"className":"(AP)일반물리학실험Ⅱ","id":"Y"},{"className":"논리적글쓰기","id":"X"},{"className":"아티언스","id":"W"},{"className":"고급영어작문","id":"Z"}]},{"name":"김규민","id":"20104","data":[{"className":"(AP)미적분학Ⅱ","id":"B"},{"className":"(AP)일반물리학Ⅱ","id":"A"},{"className":"융합수학Ⅰ","id":"C1"},{"className":"웹프로그래밍","id":"D1"},{"className":"단체운동","id":"C2"},{"className":"물상과학과 융합","id":"M"},{"className":"컴퓨팅사고력과 문제해결","id":"N"},{"className":"법과정치","id":"L1"},{"className":"논리적글쓰기","id":"Y"},{"className":"아티언스","id":"Z"},{"className":"고급영어작문","id":"X"}]},{"name":"김보욱","id":"20105","data":[{"className":"(AP)미적분학Ⅱ","id":"D"},{"className":"(AP)일반화학Ⅱ","id":"B"},{"className":"(AP)일반생물학","id":"A"},{"className":"융합수학Ⅰ","id":"C1"},{"className":"단체운동","id":"C2"},{"className":"물상과학과 융합","id":"L"},{"className":"아름다운바이오","id":"M"},{"className":"법과정치","id":"N1"},{"className":"생명과학실험Ⅱ","id":"Z"},{"className":"논리적글쓰기","id":"X"},{"className":"아티언스","id":"W"},{"className":"고급영어작문","id":"Y"}]},{"name":"김지훈","id":"20106","data":[{"className":"(AP)미적분학Ⅱ","id":"B"},{"className":"(AP)일반물리학Ⅱ","id":"A"},{"className":"융합수학Ⅰ","id":"C1"},{"className":"단체운동","id":"C2"},{"className":"정수론","id":"D1"},{"className":"물상과학과 융합","id":"M"},{"className":"아름다운바이오","id":"O"},{"className":"법과정치","id":"L1"},{"className":"(AP)일반물리학실험Ⅱ","id":"W"},{"className":"논리적글쓰기","id":"X"},{"className":"아티언스","id":"Z"},{"className":"고급영어작문","id":"Y"}]},{"name":"김현수","id":"20107","data":[{"className":"(AP)미적분학Ⅱ","id":"B"},{"className":"(AP)일반물리학Ⅱ","id":"A"},{"className":"융합수학Ⅰ","id":"M"},{"className":"단체운동","id":"C2"},{"className":"정수론","id":"O"},{"className":"물상과학과 융합","id":"L"},{"className":"아름다운바이오","id":"N"},{"className":"법과정치","id":"X"},{"className":"논리적글쓰기","id":"Y"},{"className":"아티언스","id":"Z"},{"className":"고급영어토론","id":"W"}]},{"name":"박상찬","id":"20108","data":[{"className":"(AP)미적분학Ⅱ","id":"C"},{"className":"(AP)일반화학Ⅱ","id":"A"},{"className":"융합수학Ⅰ","id":"M"},{"className":"단체운동","id":"B2"},{"className":"정수론","id":"D1"},{"className":"물상과학과 융합","id":"N"},{"className":"아름다운바이오","id":"L"},{"className":"법과정치","id":"B1"},{"className":"생명과학실험Ⅱ","id":"Z"},{"className":"논리적글쓰기","id":"Y"},{"className":"아티언스","id":"X"},{"className":"고급영어토론","id":"O1"}]},{"name":"심서준","id":"20109","data":[{"className":"(AP)미적분학Ⅱ","id":"D"},{"className":"(AP)일반물리학Ⅱ","id":"A"},{"className":"(AP)일반화학Ⅱ","id":"B"},{"className":"융합수학Ⅰ","id":"C1"},{"className":"단체운동","id":"C2"},{"className":"물상과학과 융합","id":"N"},{"className":"아름다운바이오","id":"M"},{"className":"법과정치","id":"X"},{"className":"(AP)일반물리학실험Ⅱ","id":"W"},{"className":"논리적글쓰기","id":"Z"},{"className":"아티언스","id":"Y"},{"className":"고급영어토론","id":"O1"}]},{"name":"이윤태","id":"20110","data":[{"className":"(AP)미적분학Ⅱ","id":"A"},{"className":"(AP)일반물리학Ⅱ","id":"B"},{"className":"융합수학Ⅰ","id":"L"},{"className":"웹프로그래밍","id":"D1"},{"className":"물상과학과 융합","id":"O"},{"className":"컴퓨팅사고력과 문제해결","id":"M"},{"className":"법과정치","id":"N1"},{"className":"(AP)일반물리학실험Ⅱ","id":"Y"},{"className":"논리적글쓰기","id":"Z"},{"className":"아티언스","id":"X"},{"className":"고급영어토론","id":"W"}]},{"name":"지형진","id":"20111","data":[{"className":"(AP)미적분학Ⅱ","id":"B"},{"className":"(AP)일반물리학Ⅱ","id":"C"},{"className":"(AP)일반화학Ⅱ","id":"A"},{"className":"융합수학Ⅰ","id":"L"},{"className":"물상과학과 융합","id":"M"},{"className":"아름다운바이오","id":"O"},{"className":"법과정치","id":"N1"},{"className":"논리적글쓰기","id":"W"},{"className":"아티언스","id":"Z"},{"className":"고급영어작문","id":"X"}]},{"name":"채정윤","id":"20112","data":[{"className":"(AP)미적분학Ⅱ","id":"C"},{"className":"(AP)일반물리학Ⅱ","id":"B"},{"className":"융합수학Ⅰ","id":"L"},{"className":"웹프로그래밍","id":"D1"},{"className":"물상과학과 융합","id":"N"},{"className":"컴퓨팅사고력과 문제해결","id":"M"},{"className":"법과정치","id":"X"},{"className":"논리적글쓰기","id":"W"},{"className":"아티언스","id":"Z"},{"className":"고급영어작문","id":"Y"}]},{"name":"최선웅","id":"20113","data":[{"className":"(AP)미적분학Ⅱ","id":"D"},{"className":"(AP)일반물리학Ⅱ","id":"B"},{"className":"융합수학Ⅰ","id":"C1"},{"className":"단체운동","id":"C2"},{"className":"정수론","id":"O"},{"className":"물상과학과 융합","id":"L"},{"className":"아름다운바이오","id":"M"},{"className":"법과정치","id":"N1"},{"className":"(AP)일반물리학실험Ⅱ","id":"W"},{"className":"논리적글쓰기","id":"X"},{"className":"아티언스","id":"Z"},{"className":"고급영어작문","id":"Y"}]},{"name":"최효민","id":"20114","data":[{"className":"(AP)미적분학Ⅱ","id":"C"},{"className":"(AP)일반물리학Ⅱ","id":"A"},{"className":"(AP)일반화학Ⅱ","id":"B"},{"className":"융합수학Ⅰ","id":"D1"},{"className":"물상과학과 융합","id":"M"},{"className":"아름다운바이오","id":"O"},{"className":"법과정치","id":"L1"},{"className":"논리적글쓰기","id":"X"},{"className":"아티언스","id":"W"},{"className":"고급영어작문","id":"Y"}]},{"name":"홍준기","id":"20115","data":[{"className":"(AP)미적분학Ⅱ","id":"D"},{"className":"(AP)일반물리학Ⅱ","id":"C"},{"className":"(AP)일반화학Ⅱ","id":"B"},{"className":"융합수학Ⅰ","id":"L"},{"className":"물상과학과 융합","id":"M"},{"className":"아름다운바이오","id":"N"},{"className":"법과정치","id":"X"},{"className":"생명과학실험Ⅱ","id":"Z"},{"className":"논리적글쓰기","id":"Y"},{"className":"아티언스","id":"W"},{"className":"고급영어토론","id":"O1"}]},{"name":"홍현준","id":"20116","data":[{"className":"(AP)미적분학Ⅱ","id":"D"},{"className":"(AP)일반물리학Ⅱ","id":"C"},{"className":"(AP)일반생물학","id":"A"},{"className":"융합수학Ⅰ","id":"M"},{"className":"단체운동","id":"B2"},{"className":"물상과학과 융합","id":"N"},{"className":"아름다운바이오","id":"O"},{"className":"법과정치","id":"L1"},{"className":"논리적글쓰기","id":"X"},{"className":"아티언스","id":"Z"},{"className":"고급영어작문","id":"Y"}]},{"name":"김윤하","id":"20201","data":[{"className":"(AP)미적분학Ⅱ","id":"C"},{"className":"(AP)일반화학Ⅱ","id":"B"},{"className":"(AP)일반생물학","id":"A"},{"className":"융합수학Ⅰ","id":"D1"},{"className":"단체운동","id":"D2"},{"className":"물상과학과 융합","id":"N"},{"className":"아름다운바이오","id":"M"},{"className":"법과정치","id":"L1"},{"className":"생명과학실험Ⅱ","id":"Z"},{"className":"논리적글쓰기","id":"Y"},{"className":"아티언스","id":"X"},{"className":"고급영어토론","id":"O1"}]},{"name":"이예인","id":"20202","data":[{"className":"(AP)미적분학Ⅱ","id":"C"},{"className":"(AP)일반물리학Ⅱ","id":"A"},{"className":"융합수학Ⅰ","id":"M"},{"className":"단체운동","id":"B2"},{"className":"정수론","id":"O"},{"className":"물상과학과 융합","id":"L"},{"className":"아름다운바이오","id":"N"},{"className":"법과정치","id":"B1"},{"className":"(AP)일반물리학실험Ⅱ","id":"W"},{"className":"논리적글쓰기","id":"X"},{"className":"아티언스","id":"Z"},{"className":"고급영어작문","id":"Y"}]},{"name":"조성은","id":"20203","data":[{"className":"(AP)미적분학Ⅱ","id":"C"},{"className":"(AP)일반물리학Ⅱ","id":"A"},{"className":"(AP)일반화학Ⅱ","id":"B"},{"className":"융합수학Ⅰ","id":"D1"},{"className":"단체운동","id":"D2"},{"className":"물상과학과 융합","id":"L"},{"className":"아름다운바이오","id":"M"},{"className":"법과정치","id":"X"},{"className":"(AP)일반물리학실험Ⅱ","id":"W"},{"className":"논리적글쓰기","id":"Y"},{"className":"아티언스","id":"Z"},{"className":"고급영어토론","id":"O1"}]},{"name":"고건희","id":"20204","data":[{"className":"(AP)미적분학Ⅱ","id":"D"},{"className":"(AP)일반물리학Ⅱ","id":"B"},{"className":"(AP)일반생물학","id":"A"},{"className":"물상과학과 융합","id":"N"},{"className":"아름다운바이오","id":"O"},{"className":"컴퓨팅사고력과 문제해결","id":"M"},{"className":"법과정치","id":"L1"},{"className":"생명과학실험Ⅱ","id":"Z"},{"className":"논리적글쓰기","id":"Y"},{"className":"아티언스","id":"W"},{"className":"고급영어작문","id":"X"}]},{"name":"김민서","id":"20205","data":[{"className":"(AP)미적분학Ⅱ","id":"A"},{"className":"(AP)일반화학Ⅱ","id":"B"},{"className":"융합수학Ⅰ","id":"C1"},{"className":"단체운동","id":"C2"},{"className":"정수론","id":"D1"},{"className":"물상과학과 융합","id":"O"},{"className":"아름다운바이오","id":"N"},{"className":"법과정치","id":"L1"},{"className":"(AP)일반화학실험Ⅱ","id":"M1"},{"className":"논리적글쓰기","id":"Z"},{"className":"아티언스","id":"W"},{"className":"고급영어작문","id":"X"}]},{"name":"김정우","id":"20206","data":[{"className":"(AP)미적분학Ⅱ","id":"A"},{"className":"(AP)일반물리학Ⅱ","id":"B"},{"className":"융합수학Ⅰ","id":"C1"},{"className":"단체운동","id":"C2"},{"className":"정수론","id":"D1"},{"className":"물상과학과 융합","id":"L"},{"className":"아름다운바이오","id":"M"},{"className":"법과정치","id":"N1"},{"className":"(AP)일반물리학실험Ⅱ","id":"W"},{"className":"논리적글쓰기","id":"X"},{"className":"아티언스","id":"Z"},{"className":"고급영어작문","id":"Y"}]},{"name":"김진원","id":"20207","data":[{"className":"(AP)미적분학Ⅱ","id":"B"},{"className":"(AP)일반생물학","id":"C"},{"className":"융합수학Ⅰ","id":"D1"},{"className":"단체운동","id":"D2"},{"className":"아름다운바이오","id":"O"},{"className":"컴퓨팅사고력과 문제해결","id":"N"},{"className":"법과정치","id":"L1"},{"className":"(AP)일반화학실험Ⅱ","id":"M1"},{"className":"생명과학실험Ⅱ","id":"Z"},{"className":"논리적글쓰기","id":"Y"},{"className":"아티언스","id":"W"},{"className":"고급영어작문","id":"X"}]},{"name":"김진홍","id":"20208","data":[{"className":"(AP)미적분학Ⅱ","id":"C"},{"className":"(AP)일반화학Ⅱ","id":"B"},{"className":"(AP)일반생물학","id":"A"},{"className":"융합수학Ⅰ","id":"D1"},{"className":"물상과학과 융합","id":"O"},{"className":"아름다운바이오","id":"N"},{"className":"법과정치","id":"L1"},{"className":"(AP)일반화학실험Ⅱ","id":"M1"},{"className":"논리적글쓰기","id":"X"},{"className":"아티언스","id":"Z"},{"className":"고급영어작문","id":"Y"}]},{"name":"문단세","id":"20209","data":[{"className":"(AP)미적분학Ⅱ","id":"A"},{"className":"(AP)일반물리학Ⅱ","id":"B"},{"className":"융합수학Ⅰ","id":"C1"},{"className":"단체운동","id":"D2"},{"className":"정수론","id":"O"},{"className":"아름다운바이오","id":"N"},{"className":"컴퓨팅사고력과 문제해결","id":"M"},{"className":"법과정치","id":"L1"},{"className":"(AP)일반물리학실험Ⅱ","id":"Y"},{"className":"논리적글쓰기","id":"Z"},{"className":"아티언스","id":"X"},{"className":"고급영어토론","id":"W"}]},{"name":"심희준","id":"20210","data":[{"className":"(AP)미적분학Ⅱ","id":"A"},{"className":"(AP)일반화학Ⅱ","id":"B"},{"className":"융합수학Ⅰ","id":"C1"},{"className":"단체운동","id":"D2"},{"className":"정수론","id":"O"},{"className":"물상과학과 융합","id":"N"},{"className":"아름다운바이오","id":"L"},{"className":"법과정치","id":"X"},{"className":"(AP)일반화학실험Ⅱ","id":"M1"},{"className":"논리적글쓰기","id":"W"},{"className":"아티언스","id":"Z"},{"className":"고급영어작문","id":"Y"}]},{"name":"양준혁","id":"20211","data":[{"className":"(AP)미적분학Ⅱ","id":"D"},{"className":"(AP)일반물리학Ⅱ","id":"B"},{"className":"(AP)일반생물학","id":"A"},{"className":"융합수학Ⅰ","id":"C1"},{"className":"물상과학과 융합","id":"M"},{"className":"아름다운바이오","id":"O"},{"className":"법과정치","id":"N1"},{"className":"(AP)일반물리학실험Ⅱ","id":"W"},{"className":"논리적글쓰기","id":"X"},{"className":"아티언스","id":"Z"},{"className":"고급영어작문","id":"Y"}]},{"name":"유도윤","id":"20212","data":[{"className":"(AP)미적분학Ⅱ","id":"A"},{"className":"(AP)일반화학Ⅱ","id":"B"},{"className":"융합수학Ⅰ","id":"C1"},{"className":"웹프로그래밍","id":"D1"},{"className":"물상과학과 융합","id":"L"},{"className":"아름다운바이오","id":"O"},{"className":"법과정치","id":"X"},{"className":"(AP)일반화학실험Ⅱ","id":"M1"},{"className":"논리적글쓰기","id":"Y"},{"className":"아티언스","id":"Z"},{"className":"고급영어토론","id":"W"}]},{"name":"이영학","id":"20213","data":[{"className":"(AP)미적분학Ⅱ","id":"A"},{"className":"(AP)일반물리학Ⅱ","id":"C"},{"className":"(AP)일반화학Ⅱ","id":"B"},{"className":"융합수학Ⅰ","id":"D1"},{"className":"단체운동","id":"D2"},{"className":"물상과학과 융합","id":"L"},{"className":"아름다운바이오","id":"M"},{"className":"법과정치","id":"N1"},{"className":"(AP)일반물리학실험Ⅱ","id":"W"},{"className":"논리적글쓰기","id":"X"},{"className":"아티언스","id":"Y"},{"className":"고급영어토론","id":"O1"}]},{"name":"조경찬","id":"20214","data":[{"className":"(AP)미적분학Ⅱ","id":"A"},{"className":"(AP)일반화학Ⅱ","id":"B"},{"className":"융합수학Ⅰ","id":"C1"},{"className":"단체운동","id":"C2"},{"className":"정수론","id":"D1"},{"className":"물상과학과 융합","id":"N"},{"className":"아름다운바이오","id":"O"},{"className":"법과정치","id":"L1"},{"className":"(AP)일반화학실험Ⅱ","id":"M1"},{"className":"논리적글쓰기","id":"X"},{"className":"아티언스","id":"Z"},{"className":"고급영어작문","id":"Y"}]},{"name":"홍창일","id":"20215","data":[{"className":"(AP)미적분학Ⅱ","id":"A"},{"className":"(AP)일반물리학Ⅱ","id":"B"},{"className":"융합수학Ⅰ","id":"L"},{"className":"정수론","id":"D1"},{"className":"물상과학과 융합","id":"M"},{"className":"아름다운바이오","id":"O"},{"className":"법과정치","id":"N1"},{"className":"(AP)일반물리학실험Ⅱ","id":"Y"},{"className":"논리적글쓰기","id":"X"},{"className":"아티언스","id":"Z"},{"className":"고급영어토론","id":"W"}]},{"name":"황지성","id":"20216","data":[{"className":"(AP)미적분학Ⅱ","id":"A"},{"className":"(AP)일반물리학Ⅱ","id":"C"},{"className":"(AP)일반화학Ⅱ","id":"B"},{"className":"융합수학Ⅰ","id":"D1"},{"className":"단체운동","id":"D2"},{"className":"물상과학과 융합","id":"O"},{"className":"아름다운바이오","id":"M"},{"className":"법과정치","id":"N1"},{"className":"(AP)일반물리학실험Ⅱ","id":"Y"},{"className":"논리적글쓰기","id":"X"},{"className":"아티언스","id":"Z"},{"className":"고급영어토론","id":"W"}]},{"name":"노윤아","id":"20301","data":[{"className":"(AP)미적분학Ⅱ","id":"C"},{"className":"(AP)일반화학Ⅱ","id":"A"},{"className":"웹프로그래밍","id":"D1"},{"className":"단체운동","id":"B2"},{"className":"물상과학과 융합","id":"O"},{"className":"아름다운바이오","id":"N"},{"className":"컴퓨팅사고력과 문제해결","id":"M"},{"className":"법과정치","id":"L1"},{"className":"논리적글쓰기","id":"X"},{"className":"아티언스","id":"Y"},{"className":"고급영어토론","id":"W"}]},{"name":"박시언","id":"20302","data":[{"className":"(AP)미적분학Ⅱ","id":"C"},{"className":"(AP)일반물리학Ⅱ","id":"A"},{"className":"융합수학Ⅰ","id":"M"},{"className":"단체운동","id":"D2"},{"className":"정수론","id":"O"},{"className":"물상과학과 융합","id":"L"},{"className":"아름다운바이오","id":"N"},{"className":"법과정치","id":"B1"},{"className":"(AP)일반물리학실험Ⅱ","id":"W"},{"className":"논리적글쓰기","id":"Z"},{"className":"아티언스","id":"X"},{"className":"고급영어작문","id":"Y"}]},{"name":"조서연","id":"20303","data":[{"className":"(AP)미적분학Ⅱ","id":"B"},{"className":"(AP)일반화학Ⅱ","id":"A"},{"className":"융합수학Ⅰ","id":"C1"},{"className":"단체운동","id":"C2"},{"className":"정수론","id":"D1"},{"className":"물상과학과 융합","id":"M"},{"className":"아름다운바이오","id":"L"},{"className":"법과정치","id":"X"},{"className":"논리적글쓰기","id":"W"},{"className":"아티언스","id":"Z"},{"className":"고급영어작문","id":"Y"}]},{"name":"곽명준","id":"20304","data":[{"className":"(AP)미적분학Ⅱ","id":"B"},{"className":"(AP)일반물리학Ⅱ","id":"C"},{"className":"융합수학Ⅰ","id":"D1"},{"className":"단체운동","id":"D2"},{"className":"정수론","id":"O"},{"className":"물상과학과 융합","id":"N"},{"className":"아름다운바이오","id":"M"},{"className":"법과정치","id":"L1"},{"className":"논리적글쓰기","id":"W"},{"className":"아티언스","id":"X"},{"className":"고급영어작문","id":"Y"}]},{"name":"김민재","id":"20305","data":[{"className":"(AP)미적분학Ⅱ","id":"A"},{"className":"(AP)일반생물학","id":"C"},{"className":"융합수학Ⅰ","id":"L"},{"className":"웹프로그래밍","id":"D1"},{"className":"단체운동","id":"B2"},{"className":"아름다운바이오","id":"O"},{"className":"컴퓨팅사고력과 문제해결","id":"M"},{"className":"법과정치","id":"B1"},{"className":"논리적글쓰기","id":"W"},{"className":"아티언스","id":"Y"},{"className":"고급영어작문","id":"Z"}]},{"name":"류호연","id":"20306","data":[{"className":"(AP)미적분학Ⅱ","id":"B"},{"className":"(AP)일반물리학Ⅱ","id":"C"},{"className":"(AP)일반생물학","id":"A"},{"className":"융합수학Ⅰ","id":"D1"},{"className":"단체운동","id":"D2"},{"className":"물상과학과 융합","id":"M"},{"className":"아름다운바이오","id":"L"},{"className":"법과정치","id":"X"},{"className":"논리적글쓰기","id":"Z"},{"className":"아티언스","id":"Y"},{"className":"고급영어토론","id":"O1"}]},{"name":"송동근","id":"20307","data":[{"className":"(AP)미적분학Ⅱ","id":"C"},{"className":"(AP)일반생물학","id":"A"},{"className":"융합수학Ⅰ","id":"L"},{"className":"웹프로그래밍","id":"D1"},{"className":"단체운동","id":"B2"},{"className":"물상과학과 융합","id":"M"},{"className":"컴퓨팅사고력과 문제해결","id":"N"},{"className":"법과정치","id":"B1"},{"className":"논리적글쓰기","id":"Y"},{"className":"아티언스","id":"X"},{"className":"고급영어작문","id":"Z"}]},{"name":"이도","id":"20308","data":[{"className":"(AP)미적분학Ⅱ","id":"A"},{"className":"(AP)일반물리학Ⅱ","id":"B"},{"className":"융합수학Ⅰ","id":"D1"},{"className":"단체운동","id":"C2"},{"className":"정수론","id":"O"},{"className":"물상과학과 융합","id":"M"},{"className":"아름다운바이오","id":"L"},{"className":"법과정치","id":"X"},{"className":"논리적글쓰기","id":"Y"},{"className":"아티언스","id":"Z"},{"className":"고급영어토론","id":"W"}]},{"name":"이동현","id":"20309","data":[{"className":"(AP)미적분학Ⅱ","id":"D"},{"className":"(AP)일반물리학Ⅱ","id":"B"},{"className":"(AP)일반화학Ⅱ","id":"A"},{"className":"융합수학Ⅰ","id":"L"},{"className":"단체운동","id":"C2"},{"className":"물상과학과 융합","id":"M"},{"className":"아름다운바이오","id":"O"},{"className":"법과정치","id":"N1"},{"className":"(AP)일반물리학실험Ⅱ","id":"Y"},{"className":"논리적글쓰기","id":"Z"},{"className":"아티언스","id":"X"},{"className":"고급영어토론","id":"W"}]},{"name":"이윤수","id":"20310","data":[{"className":"(AP)미적분학Ⅱ","id":"A"},{"className":"(AP)일반화학Ⅱ","id":"B"},{"className":"융합수학Ⅰ","id":"C1"},{"className":"단체운동","id":"D2"},{"className":"정수론","id":"D1"},{"className":"물상과학과 융합","id":"N"},{"className":"아름다운바이오","id":"O"},{"className":"법과정치","id":"L1"},{"className":"(AP)일반화학실험Ⅱ","id":"M1"},{"className":"논리적글쓰기","id":"Y"},{"className":"아티언스","id":"Z"},{"className":"고급영어작문","id":"X"}]},{"name":"이재용","id":"20311","data":[{"className":"(AP)미적분학Ⅱ","id":"B"},{"className":"(AP)일반화학Ⅱ","id":"A"},{"className":"(AP)일반생물학","id":"C"},{"className":"융합수학Ⅰ","id":"D1"},{"className":"단체운동","id":"D2"},{"className":"물상과학과 융합","id":"O"},{"className":"아름다운바이오","id":"L"},{"className":"법과정치","id":"N1"},{"className":"논리적글쓰기","id":"Y"},{"className":"아티언스","id":"X"},{"className":"고급영어작문","id":"Z"}]},{"name":"이현준","id":"20312","data":[{"className":"(AP)미적분학Ⅱ","id":"A"},{"className":"(AP)일반물리학Ⅱ","id":"C"},{"className":"융합수학Ⅰ","id":"M"},{"className":"정수론","id":"D1"},{"className":"물상과학과 융합","id":"N"},{"className":"아름다운바이오","id":"L"},{"className":"법과정치","id":"B1"},{"className":"논리적글쓰기","id":"Z"},{"className":"아티언스","id":"X"},{"className":"고급영어토론","id":"W"}]},{"name":"임정우","id":"20313","data":[{"className":"(AP)미적분학Ⅱ","id":"B"},{"className":"(AP)일반화학Ⅱ","id":"A"},{"className":"융합수학Ⅰ","id":"C1"},{"className":"정수론","id":"D1"},{"className":"물상과학과 융합","id":"O"},{"className":"아름다운바이오","id":"L"},{"className":"법과정치","id":"N1"},{"className":"논리적글쓰기","id":"W"},{"className":"아티언스","id":"X"},{"className":"고급영어작문","id":"Z"}]},{"name":"장인호","id":"20314","data":[{"className":"(AP)미적분학Ⅱ","id":"B"},{"className":"(AP)일반물리학Ⅱ","id":"C"},{"className":"융합수학Ⅰ","id":"L"},{"className":"웹프로그래밍","id":"D1"},{"className":"정수론","id":"O"},{"className":"물상과학과 융합","id":"M"},{"className":"컴퓨팅사고력과 문제해결","id":"N"},{"className":"법과정치","id":"X"},{"className":"논리적글쓰기","id":"Z"},{"className":"아티언스","id":"W"},{"className":"고급영어작문","id":"Y"}]},{"name":"정윤규","id":"20315","data":[{"className":"(AP)미적분학Ⅱ","id":"B"},{"className":"(AP)일반물리학Ⅱ","id":"C"},{"className":"융합수학Ⅰ","id":"L"},{"className":"정수론","id":"D1"},{"className":"물상과학과 융합","id":"O"},{"className":"아름다운바이오","id":"M"},{"className":"법과정치","id":"X"},{"className":"논리적글쓰기","id":"Z"},{"className":"아티언스","id":"Y"},{"className":"고급영어토론","id":"W"}]},{"name":"최서현","id":"20316","data":[{"className":"(AP)미적분학Ⅱ","id":"C"},{"className":"(AP)일반물리학Ⅱ","id":"A"},{"className":"융합수학Ⅰ","id":"M"},{"className":"웹프로그래밍","id":"D1"},{"className":"단체운동","id":"B2"},{"className":"정수론","id":"O"},{"className":"물상과학과 융합","id":"L"},{"className":"컴퓨팅사고력과 문제해결","id":"N"},{"className":"법과정치","id":"B1"},{"className":"논리적글쓰기","id":"Z"},{"className":"아티언스","id":"Y"},{"className":"고급영어작문","id":"X"}]},{"name":"정태한","id":"20317","data":[{"className":"(AP)미적분학Ⅱ","id":"A"},{"className":"(AP)일반생물학","id":"C"},{"className":"융합수학Ⅰ","id":"L"},{"className":"웹프로그래밍","id":"D1"},{"className":"단체운동","id":"B2"},{"className":"아름다운바이오","id":"O"},{"className":"컴퓨팅사고력과 문제해결","id":"M"},{"className":"법과정치","id":"B1"},{"className":"논리적글쓰기","id":"Z"},{"className":"아티언스","id":"W"},{"className":"고급영어작문","id":"X"}]},{"name":"모연우","id":"20401","data":[{"className":"(AP)미적분학Ⅱ","id":"D"},{"className":"(AP)일반화학Ⅱ","id":"A"},{"className":"(AP)일반생물학","id":"C"},{"className":"융합수학Ⅰ","id":"L"},{"className":"단체운동","id":"B2"},{"className":"물상과학과 융합","id":"O"},{"className":"아름다운바이오","id":"N"},{"className":"법과정치","id":"B1"},{"className":"(AP)일반화학실험Ⅱ","id":"M1"},{"className":"논리적글쓰기","id":"W"},{"className":"아티언스","id":"X"},{"className":"고급영어작문","id":"Z"}]},{"name":"양은서","id":"20402","data":[{"className":"(AP)미적분학Ⅱ","id":"A"},{"className":"(AP)일반물리학Ⅱ","id":"C"},{"className":"융합수학Ⅰ","id":"M"},{"className":"정수론","id":"D1"},{"className":"물상과학과 융합","id":"L"},{"className":"아름다운바이오","id":"N"},{"className":"법과정치","id":"B1"},{"className":"생명과학실험Ⅱ","id":"Z"},{"className":"논리적글쓰기","id":"Y"},{"className":"아티언스","id":"W"},{"className":"고급영어작문","id":"X"}]},{"name":"이지연","id":"20403","data":[{"className":"(AP)미적분학Ⅱ","id":"C"},{"className":"(AP)일반물리학Ⅱ","id":"B"},{"className":"융합수학Ⅰ","id":"L"},{"className":"웹프로그래밍","id":"D1"},{"className":"물상과학과 융합","id":"O"},{"className":"컴퓨팅사고력과 문제해결","id":"M"},{"className":"법과정치","id":"N1"},{"className":"논리적글쓰기","id":"Z"},{"className":"아티언스","id":"Y"},{"className":"고급영어작문","id":"X"}]},{"name":"국승훈","id":"20404","data":[{"className":"(AP)미적분학Ⅱ","id":"B"},{"className":"(AP)일반물리학Ⅱ","id":"A"},{"className":"융합수학Ⅰ","id":"M"},{"className":"웹프로그래밍","id":"D1"},{"className":"단체운동","id":"C2"},{"className":"물상과학과 융합","id":"O"},{"className":"컴퓨팅사고력과 문제해결","id":"N"},{"className":"법과정치","id":"X"},{"className":"논리적글쓰기","id":"W"},{"className":"아티언스","id":"Y"},{"className":"고급영어작문","id":"Z"}]},{"name":"김영민","id":"20405","data":[{"className":"(AP)미적분학Ⅱ","id":"C"},{"className":"(AP)일반생물학","id":"A"},{"className":"융합수학Ⅰ","id":"M"},{"className":"웹프로그래밍","id":"D1"},{"className":"단체운동","id":"B2"},{"className":"아름다운바이오","id":"O"},{"className":"컴퓨팅사고력과 문제해결","id":"N"},{"className":"법과정치","id":"B1"},{"className":"논리적글쓰기","id":"W"},{"className":"아티언스","id":"Y"},{"className":"고급영어작문","id":"X"}]},{"name":"김준서","id":"20406","data":[{"className":"(AP)미적분학Ⅱ","id":"C"},{"className":"(AP)일반물리학Ⅱ","id":"A"},{"className":"융합수학Ⅰ","id":"M"},{"className":"단체운동","id":"B2"},{"className":"정수론","id":"D1"},{"className":"물상과학과 융합","id":"L"},{"className":"아름다운바이오","id":"N"},{"className":"법과정치","id":"X"},{"className":"(AP)일반물리학실험Ⅱ","id":"W"},{"className":"논리적글쓰기","id":"Z"},{"className":"아티언스","id":"Y"},{"className":"고급영어토론","id":"O1"}]},{"name":"김준성","id":"20407","data":[{"className":"(AP)미적분학Ⅱ","id":"D"},{"className":"(AP)일반물리학Ⅱ","id":"C"},{"className":"융합수학Ⅰ","id":"M"},{"className":"정수론","id":"O"},{"className":"물상과학과 융합","id":"N"},{"className":"아름다운바이오","id":"L"},{"className":"법과정치","id":"X"},{"className":"논리적글쓰기","id":"W"},{"className":"아티언스","id":"Y"},{"className":"고급영어작문","id":"Z"}]},{"name":"박준경","id":"20408","data":[{"className":"(AP)미적분학Ⅱ","id":"D"},{"className":"(AP)일반화학Ⅱ","id":"A"},{"className":"(AP)일반생물학","id":"C"},{"className":"융합수학Ⅰ","id":"M"},{"className":"단체운동","id":"B2"},{"className":"물상과학과 융합","id":"N"},{"className":"아름다운바이오","id":"L"},{"className":"법과정치","id":"X"},{"className":"논리적글쓰기","id":"W"},{"className":"아티언스","id":"Y"},{"className":"고급영어작문","id":"Z"}]},{"name":"방예준","id":"20409","data":[{"className":"(AP)미적분학Ⅱ","id":"D"},{"className":"(AP)일반물리학Ⅱ","id":"B"},{"className":"(AP)일반화학Ⅱ","id":"A"},{"className":"융합수학Ⅰ","id":"L"},{"className":"단체운동","id":"C2"},{"className":"물상과학과 융합","id":"O"},{"className":"아름다운바이오","id":"M"},{"className":"법과정치","id":"N1"},{"className":"(AP)일반물리학실험Ⅱ","id":"Y"},{"className":"논리적글쓰기","id":"W"},{"className":"아티언스","id":"X"},{"className":"고급영어작문","id":"Z"}]},{"name":"백승유","id":"20410","data":[{"className":"(AP)미적분학Ⅱ","id":"C"},{"className":"(AP)일반물리학Ⅱ","id":"B"},{"className":"융합수학Ⅰ","id":"L"},{"className":"웹프로그래밍","id":"D1"},{"className":"단체운동","id":"D2"},{"className":"물상과학과 융합","id":"O"},{"className":"컴퓨팅사고력과 문제해결","id":"N"},{"className":"법과정치","id":"X"},{"className":"논리적글쓰기","id":"Z"},{"className":"아티언스","id":"W"},{"className":"고급영어작문","id":"Y"}]},{"name":"백승재","id":"20411","data":[{"className":"(AP)미적분학Ⅱ","id":"B"},{"className":"(AP)일반물리학Ⅱ","id":"C"},{"className":"융합수학Ⅰ","id":"L"},{"className":"웹프로그래밍","id":"D1"},{"className":"물상과학과 융합","id":"O"},{"className":"컴퓨팅사고력과 문제해결","id":"M"},{"className":"법과정치","id":"N1"},{"className":"논리적글쓰기","id":"Z"},{"className":"아티언스","id":"W"},{"className":"고급영어작문","id":"X"}]},{"name":"양원재","id":"20412","data":[{"className":"(AP)미적분학Ⅱ","id":"D"},{"className":"(AP)일반화학Ⅱ","id":"A"},{"className":"융합수학Ⅰ","id":"M"},{"className":"정수론","id":"O"},{"className":"물상과학과 융합","id":"N"},{"className":"아름다운바이오","id":"L"},{"className":"법과정치","id":"B1"},{"className":"논리적글쓰기","id":"W"},{"className":"아티언스","id":"X"},{"className":"고급영어작문","id":"Z"}]},{"name":"유태림","id":"20413","data":[{"className":"(AP)미적분학Ⅱ","id":"A"},{"className":"(AP)일반물리학Ⅱ","id":"B"},{"className":"(AP)일반생물학","id":"C"},{"className":"융합수학Ⅰ","id":"D1"},{"className":"아름다운바이오","id":"L"},{"className":"컴퓨팅사고력과 문제해결","id":"M"},{"className":"법과정치","id":"N1"},{"className":"생명과학실험Ⅱ","id":"Z"},{"className":"논리적글쓰기","id":"Y"},{"className":"아티언스","id":"X"},{"className":"고급영어토론","id":"O1"}]},{"name":"이용규","id":"20414","data":[{"className":"(AP)미적분학Ⅱ","id":"C"},{"className":"(AP)일반물리학Ⅱ","id":"A"},{"className":"융합수학Ⅰ","id":"M"},{"className":"단체운동","id":"B2"},{"className":"정수론","id":"D1"},{"className":"물상과학과 융합","id":"L"},{"className":"컴퓨팅사고력과 문제해결","id":"N"},{"className":"법과정치","id":"B1"},{"className":"(AP)일반물리학실험Ⅱ","id":"W"},{"className":"논리적글쓰기","id":"Z"},{"className":"아티언스","id":"Y"},{"className":"고급영어토론","id":"O1"}]},{"name":"전승윤","id":"20415","data":[{"className":"(AP)미적분학Ⅱ","id":"D"},{"className":"(AP)일반물리학Ⅱ","id":"B"},{"className":"(AP)일반화학Ⅱ","id":"A"},{"className":"융합수학Ⅰ","id":"C1"},{"className":"단체운동","id":"C2"},{"className":"물상과학과 융합","id":"N"},{"className":"아름다운바이오","id":"M"},{"className":"법과정치","id":"L1"},{"className":"(AP)일반물리학실험Ⅱ","id":"Y"},{"className":"논리적글쓰기","id":"W"},{"className":"아티언스","id":"X"},{"className":"고급영어작문","id":"Z"}]},{"name":"조이황","id":"20416","data":[{"className":"(AP)미적분학Ⅱ","id":"D"},{"className":"(AP)일반물리학Ⅱ","id":"A"},{"className":"(AP)일반생물학","id":"C"},{"className":"융합수학Ⅰ","id":"M"},{"className":"단체운동","id":"B2"},{"className":"물상과학과 융합","id":"N"},{"className":"아름다운바이오","id":"L"},{"className":"법과정치","id":"B1"},{"className":"논리적글쓰기","id":"W"},{"className":"아티언스","id":"Y"},{"className":"고급영어작문","id":"X"}]},{"name":"현지연","id":"20502","data":[{"className":"(AP)미적분학Ⅱ","id":"B"},{"className":"(AP)일반화학Ⅱ","id":"A"},{"className":"(AP)일반생물학","id":"C"},{"className":"융합수학Ⅰ","id":"L"},{"className":"단체운동","id":"D2"},{"className":"물상과학과 융합","id":"O"},{"className":"아름다운바이오","id":"M"},{"className":"법과정치","id":"N1"},{"className":"생명과학실험Ⅱ","id":"Z"},{"className":"논리적글쓰기","id":"Y"},{"className":"아티언스","id":"W"},{"className":"고급영어작문","id":"X"}]},{"name":"황지우","id":"20503","data":[{"className":"(AP)미적분학Ⅱ","id":"D"},{"className":"(AP)일반물리학Ⅱ","id":"C"},{"className":"(AP)일반화학Ⅱ","id":"A"},{"className":"융합수학Ⅰ","id":"L"},{"className":"단체운동","id":"B2"},{"className":"물상과학과 융합","id":"O"},{"className":"아름다운바이오","id":"N"},{"className":"법과정치","id":"B1"},{"className":"(AP)일반화학실험Ⅱ","id":"M1"},{"className":"논리적글쓰기","id":"Z"},{"className":"아티언스","id":"Y"},{"className":"고급영어토론","id":"W"}]},{"name":"강산","id":"20504","data":[{"className":"(AP)미적분학Ⅱ","id":"C"},{"className":"(AP)일반물리학Ⅱ","id":"B"},{"className":"융합수학Ⅰ","id":"L"},{"className":"웹프로그래밍","id":"D1"},{"className":"물상과학과 융합","id":"O"},{"className":"컴퓨팅사고력과 문제해결","id":"M"},{"className":"법과정치","id":"N1"},{"className":"논리적글쓰기","id":"X"},{"className":"아티언스","id":"Y"},{"className":"고급영어토론","id":"W"}]},{"name":"김재근","id":"20506","data":[{"className":"(AP)미적분학Ⅱ","id":"A"},{"className":"(AP)일반생물학","id":"C"},{"className":"융합수학Ⅰ","id":"D1"},{"className":"단체운동","id":"B2"},{"className":"정수론","id":"O"},{"className":"아름다운바이오","id":"L"},{"className":"컴퓨팅사고력과 문제해결","id":"M"},{"className":"법과정치","id":"B1"},{"className":"생명과학실험Ⅱ","id":"Z"},{"className":"논리적글쓰기","id":"Y"},{"className":"아티언스","id":"W"},{"className":"고급영어작문","id":"X"}]},{"name":"김준희","id":"20507","data":[{"className":"(AP)미적분학Ⅱ","id":"B"},{"className":"(AP)일반물리학Ⅱ","id":"C"},{"className":"(AP)일반화학Ⅱ","id":"A"},{"className":"융합수학Ⅰ","id":"D1"},{"className":"물상과학과 융합","id":"N"},{"className":"아름다운바이오","id":"L"},{"className":"법과정치","id":"X"},{"className":"(AP)일반물리학실험Ⅱ","id":"Y"},{"className":"논리적글쓰기","id":"Z"},{"className":"아티언스","id":"W"},{"className":"고급영어토론","id":"O1"}]},{"name":"박민성","id":"20508","data":[{"className":"(AP)미적분학Ⅱ","id":"B"},{"className":"(AP)일반화학Ⅱ","id":"A"},{"className":"(AP)일반생물학","id":"C"},{"className":"융합수학Ⅰ","id":"D1"},{"className":"아름다운바이오","id":"M"},{"className":"컴퓨팅사고력과 문제해결","id":"N"},{"className":"법과정치","id":"L1"},{"className":"생명과학실험Ⅱ","id":"Z"},{"className":"논리적글쓰기","id":"Y"},{"className":"아티언스","id":"W"},{"className":"고급영어작문","id":"X"}]},{"name":"손예주","id":"20509","data":[{"className":"(AP)미적분학Ⅱ","id":"A"},{"className":"(AP)일반물리학Ⅱ","id":"C"},{"className":"융합수학Ⅰ","id":"L"},{"className":"단체운동","id":"B2"},{"className":"정수론","id":"D1"},{"className":"물상과학과 융합","id":"M"},{"className":"아름다운바이오","id":"N"},{"className":"법과정치","id":"X"},{"className":"논리적글쓰기","id":"W"},{"className":"아티언스","id":"Y"},{"className":"고급영어작문","id":"Z"}]},{"name":"유성진","id":"20510","data":[{"className":"(AP)미적분학Ⅱ","id":"D"},{"className":"(AP)일반생물학","id":"C"},{"className":"융합수학Ⅰ","id":"M"},{"className":"정수론","id":"O"},{"className":"아름다운바이오","id":"L"},{"className":"컴퓨팅사고력과 문제해결","id":"N"},{"className":"법과정치","id":"B1"},{"className":"논리적글쓰기","id":"X"},{"className":"아티언스","id":"Y"},{"className":"고급영어토론","id":"W"}]},{"name":"이세환","id":"20511","data":[{"className":"(AP)미적분학Ⅱ","id":"A"},{"className":"(AP)일반물리학Ⅱ","id":"B"},{"className":"융합수학Ⅰ","id":"C1"},{"className":"웹프로그래밍","id":"D1"},{"className":"단체운동","id":"C2"},{"className":"정수론","id":"O"},{"className":"물상과학과 융합","id":"M"},{"className":"컴퓨팅사고력과 문제해결","id":"N"},{"className":"법과정치","id":"L1"},{"className":"논리적글쓰기","id":"X"},{"className":"아티언스","id":"Y"},{"className":"고급영어작문","id":"Z"}]},{"name":"임승주","id":"20512","data":[{"className":"(AP)미적분학Ⅱ","id":"B"},{"className":"(AP)일반물리학Ⅱ","id":"A"},{"className":"(AP)일반생물학","id":"C"},{"className":"융합수학Ⅰ","id":"D1"},{"className":"단체운동","id":"D2"},{"className":"물상과학과 융합","id":"L"},{"className":"아름다운바이오","id":"O"},{"className":"법과정치","id":"N1"},{"className":"(AP)일반물리학실험Ⅱ","id":"Y"},{"className":"논리적글쓰기","id":"W"},{"className":"아티언스","id":"X"},{"className":"고급영어작문","id":"Z"}]},{"name":"정민규","id":"20513","data":[{"className":"(AP)미적분학Ⅱ","id":"D"},{"className":"(AP)일반물리학Ⅱ","id":"A"},{"className":"융합수학Ⅰ","id":"M"},{"className":"정수론","id":"O"},{"className":"물상과학과 융합","id":"L"},{"className":"아름다운바이오","id":"N"},{"className":"법과정치","id":"B1"},{"className":"논리적글쓰기","id":"W"},{"className":"아티언스","id":"X"},{"className":"고급영어작문","id":"Z"}]},{"name":"정승훈","id":"20514","data":[{"className":"(AP)미적분학Ⅱ","id":"B"},{"className":"(AP)일반물리학Ⅱ","id":"A"},{"className":"융합수학Ⅰ","id":"C1"},{"className":"단체운동","id":"C2"},{"className":"정수론","id":"D1"},{"className":"물상과학과 융합","id":"L"},{"className":"아름다운바이오","id":"N"},{"className":"법과정치","id":"X"},{"className":"(AP)일반물리학실험Ⅱ","id":"Y"},{"className":"논리적글쓰기","id":"Z"},{"className":"아티언스","id":"W"},{"className":"고급영어토론","id":"O1"}]},{"name":"최한호","id":"20515","data":[{"className":"(AP)미적분학Ⅱ","id":"D"},{"className":"(AP)일반화학Ⅱ","id":"B"},{"className":"(AP)일반생물학","id":"A"},{"className":"융합수학Ⅰ","id":"C1"},{"className":"단체운동","id":"C2"},{"className":"물상과학과 융합","id":"N"},{"className":"아름다운바이오","id":"M"},{"className":"법과정치","id":"L1"},{"className":"생명과학실험Ⅱ","id":"Z"},{"className":"논리적글쓰기","id":"Y"},{"className":"아티언스","id":"W"},{"className":"고급영어작문","id":"X"}]},{"name":"홍원기","id":"20516","data":[{"className":"(AP)미적분학Ⅱ","id":"D"},{"className":"(AP)일반물리학Ⅱ","id":"C"},{"className":"(AP)일반화학Ⅱ","id":"A"},{"className":"융합수학Ⅰ","id":"M"},{"className":"단체운동","id":"B2"},{"className":"물상과학과 융합","id":"O"},{"className":"아름다운바이오","id":"N"},{"className":"법과정치","id":"B1"},{"className":"논리적글쓰기","id":"Y"},{"className":"아티언스","id":"W"},{"className":"고급영어작문","id":"Z"}]}]}