﻿{"class":[{"id":"O","className":"수학세미나Ⅰ","place":"수교4","day":"0","time":"0"},{"id":"O","className":"일본어","place":"인문1","day":"0","time":"0"},{"id":"O","className":"수학세미나Ⅰ","place":"수교4","day":"0","time":"1"},{"id":"O","className":"일본어","place":"인문1","day":"0","time":"1"},{"id":"O","className":"중국어","place":"외교3","day":"0","time":"1"},{"id":"O","className":"일본어","place":"인문1","day":"0","time":"2"},{"id":"O","className":"중국어","place":"외교3","day":"0","time":"2"},{"id":"A","className":"수학세미나Ⅰ","place":"수교4","day":"0","time":"3"},{"id":"A","className":"물리학세미나Ⅰ","place":"AI 융합실","day":"0","time":"3"},{"id":"A","className":"유기화학","place":"화교","day":"0","time":"3"},{"id":"A","className":"생물학세미나Ⅰ","place":"생교","day":"0","time":"3"},{"id":"N","className":"융합 @ 수학Ⅱ","place":"수교5","day":"0","time":"4"},{"id":"N","className":"정보과학융합프로젝트","place":"컴실1","day":"0","time":"4"},{"id":"N","className":"중국어","place":"외교2","day":"0","time":"4"},{"id":"N","className":"융합 @ 수학Ⅱ","place":"수교5","day":"0","time":"5"},{"id":"N","className":"정보과학융합프로젝트","place":"컴실1","day":"0","time":"5"},{"id":"N","className":"중국어","place":"외교2","day":"0","time":"5"},{"id":"D","className":"고급물리학Ⅰ","place":"물교","day":"0","time":"6"},{"id":"Y","className":"음악과테크로놀로지Ⅰ","place":"음악실","day":"1","time":"0"},{"id":"Y","className":"미술과테크로놀로지Ⅰ","place":"미술실","day":"1","time":"0"},{"id":"Y","className":"음악과테크로놀로지Ⅰ","place":"음악실","day":"1","time":"1"},{"id":"Y","className":"미술과테크로놀로지Ⅰ","place":"미술실","day":"1","time":"1"},{"id":"X","className":"음악과테크로놀로지Ⅰ","place":"음악실","day":"1","time":"2"},{"id":"X","className":"객체지향프로그래밍","place":"컴실2","day":"1","time":"2"},{"id":"X","className":"미술과테크로놀로지Ⅰ","place":"미술실","day":"1","time":"2"},{"id":"X","className":"수학세미나Ⅰ","place":"수교4","day":"1","time":"2"},{"id":"X","className":"선형대수학","place":"수교5","day":"1","time":"2"},{"id":"X","className":"음악과테크로놀로지Ⅰ","place":"음악실","day":"1","time":"3"},{"id":"X","className":"객체지향프로그래밍","place":"컴실2","day":"1","time":"3"},{"id":"X","className":"미술과테크로놀로지Ⅰ","place":"미술실","day":"1","time":"3"},{"id":"X","className":"수학세미나Ⅰ","place":"수교5","day":"1","time":"3"},{"id":"X","className":"선형대수학","place":"수교5","day":"1","time":"3"},{"id":"C","className":"세계사","place":"인문3","day":"1","time":"4"},{"id":"C","className":"미술과테크로놀로지Ⅰ","place":"미술실","day":"1","time":"4"},{"id":"C","className":"고급커뮤니케이션","place":"외교3","day":"1","time":"4"},{"id":"C","className":"융합 @ 수학Ⅱ","place":"수교5","day":"1","time":"4"},{"id":"C","className":"물리학세미나Ⅰ","place":"AI 융합실","day":"1","time":"4"},{"id":"C","className":"세계사","place":"인문3","day":"1","time":"5"},{"id":"C","className":"미술과테크로놀로지Ⅰ","place":"미술실","day":"1","time":"5"},{"id":"C","className":"고급커뮤니케이션","place":"외교3","day":"1","time":"5"},{"id":"C","className":"융합 @ 수학Ⅱ","place":"수교5","day":"1","time":"5"},{"id":"C","className":"물리학세미나Ⅰ","place":"AI 융합실","day":"1","time":"5"},{"id":"A","className":"수학세미나Ⅰ","place":"수교4","day":"2","time":"0"},{"id":"A","className":"물리학세미나Ⅰ","place":"AI 융합실","day":"2","time":"0"},{"id":"A","className":"유기화학","place":"화교","day":"2","time":"0"},{"id":"A","className":"생물학세미나Ⅰ","place":"생실1","day":"2","time":"0"},{"id":"A","className":"수학세미나Ⅰ","place":"수교4","day":"2","time":"1"},{"id":"A","className":"물리학세미나Ⅰ","place":"AI 융합실","day":"2","time":"1"},{"id":"A","className":"유기화학","place":"화교","day":"2","time":"1"},{"id":"A","className":"생물학세미나Ⅰ","place":"생실1","day":"2","time":"1"},{"id":"L","className":"창의적글쓰기","place":"인문2","day":"2","time":"2"},{"id":"L","className":"정보과학융합프로젝트","place":"컴실1","day":"2","time":"2"},{"id":"L","className":"중국어","place":"외교2","day":"2","time":"2"},{"id":"L","className":"고급커뮤니케이션","place":"외교3","day":"2","time":"2"},{"id":"L","className":"창의적글쓰기","place":"인문2","day":"2","time":"3"},{"id":"L","className":"정보과학융합프로젝트","place":"컴실1","day":"2","time":"3"},{"id":"L","className":"중국어","place":"외교2","day":"2","time":"3"},{"id":"L","className":"고급커뮤니케이션","place":"외교3","day":"2","time":"3"},{"id":"B","className":"수학세미나Ⅰ","place":"수교5","day":"2","time":"4"},{"id":"B","className":"물리학세미나Ⅰ","place":"물교","day":"2","time":"4"},{"id":"B","className":"화학세미나Ⅰ","place":"화교","day":"2","time":"4"},{"id":"B","className":"세포생물학","place":"생실1","day":"2","time":"4"},{"id":"L","className":"창의적글쓰기","place":"인문2","day":"3","time":"0"},{"id":"L","className":"정보과학융합프로젝트","place":"컴실1","day":"3","time":"0"},{"id":"L","className":"중국어","place":"외교2","day":"3","time":"0"},{"id":"L","className":"고급커뮤니케이션","place":"외교3","day":"3","time":"0"},{"id":"N","className":"융합 @ 수학Ⅱ","place":"수교5","day":"3","time":"1"},{"id":"N","className":"정보과학융합프로젝트","place":"컴실1","day":"3","time":"1"},{"id":"N","className":"중국어","place":"외교2","day":"3","time":"1"},{"id":"C","className":"세계사","place":"인문3","day":"3","time":"2"},{"id":"C","className":"고급커뮤니케이션","place":"외교3","day":"3","time":"2"},{"id":"C","className":"융합 @ 수학Ⅱ","place":"수교5","day":"3","time":"2"},{"id":"C","className":"물리학세미나Ⅰ","place":"AI 융합실","day":"3","time":"2"},{"id":"M","className":"창의적글쓰기","place":"인문2","day":"3","time":"3"},{"id":"M","className":"고급영어독해","place":"외교2","day":"3","time":"3"},{"id":"M","className":"선형대수학","place":"수교5","day":"3","time":"3"},{"id":"M","className":"정보과학융합프로젝트","place":"컴실1","day":"3","time":"3"},{"id":"M","className":"중국어","place":"외교1","day":"3","time":"3"},{"id":"B","className":"수학세미나Ⅰ","place":"수교4","day":"3","time":"4"},{"id":"B","className":"물리학세미나Ⅰ","place":"AI 융합실","day":"3","time":"4"},{"id":"B","className":"화학세미나Ⅰ","place":"화교","day":"3","time":"4"},{"id":"B","className":"세포생물학","place":"생교","day":"3","time":"4"},{"id":"B","className":"수학세미나Ⅰ","place":"수교4","day":"3","time":"5"},{"id":"B","className":"물리학세미나Ⅰ","place":"AI 융합실","day":"3","time":"5"},{"id":"B","className":"화학세미나Ⅰ","place":"화교","day":"3","time":"5"},{"id":"B","className":"세포생물학","place":"생교","day":"3","time":"5"},{"id":"X","className":"객체지향프로그래밍","place":"컴실2","day":"3","time":"6"},{"id":"X","className":"수학세미나Ⅰ","place":"수교4","day":"3","time":"6"},{"id":"X","className":"선형대수학","place":"수교5","day":"3","time":"6"},{"id":"M","className":"창의적글쓰기","place":"인문2","day":"4","time":"0"},{"id":"M","className":"고급영어독해","place":"외교2","day":"4","time":"0"},{"id":"M","className":"선형대수학","place":"수교5","day":"4","time":"0"},{"id":"M","className":"정보과학융합프로젝트","place":"컴실1","day":"4","time":"0"},{"id":"M","className":"중국어","place":"외교1","day":"4","time":"0"},{"id":"M","className":"창의적글쓰기","place":"인문2","day":"4","time":"1"},{"id":"M","className":"고급영어독해","place":"외교2","day":"4","time":"1"},{"id":"M","className":"선형대수학","place":"수교5","day":"4","time":"1"},{"id":"M","className":"정보과학융합프로젝트","place":"컴실1","day":"4","time":"1"},{"id":"M","className":"중국어","place":"외교1","day":"4","time":"1"},{"id":"D","className":"음악과테크로놀로지Ⅰ","place":"음악실","day":"4","time":"2"},{"id":"D","className":"고급물리학Ⅰ","place":"물교","day":"4","time":"2"},{"id":"D","className":"음악과테크로놀로지Ⅰ","place":"음악실","day":"4","time":"3"},{"id":"D","className":"고급물리학Ⅰ","place":"물교","day":"4","time":"3"},{"id":"O","className":"수학세미나Ⅰ","place":"수교4","day":"4","time":"4"},{"id":"O","className":"중국어","place":"외교3","day":"4","time":"4"}],"user":[{"name":"소유진","id":"30101","data":[{"className":"수학세미나Ⅰ","id":"O"},{"className":"물리학세미나Ⅰ","id":"A"},{"className":"선형대수학","id":"X"},{"className":"융합 @ 수학Ⅱ","id":"C"},{"className":"고급영어독해","id":"M"},{"className":"정보과학융합프로젝트","id":"L"},{"className":"중국어","id":"N"}]},{"name":"이수정","id":"30102","data":[{"className":"수학세미나Ⅰ","id":"B"},{"className":"물리학세미나Ⅰ","id":"A"},{"className":"고급물리학Ⅰ","id":"D"},{"className":"세계사","id":"C"},{"className":"미술과테크로놀로지Ⅰ","id":"X"},{"className":"정보과학융합프로젝트","id":"L"},{"className":"창의적글쓰기","id":"M"},{"className":"중국어","id":"O"}]},{"name":"김준호","id":"30103","data":[{"className":"수학세미나Ⅰ","id":"X"},{"className":"물리학세미나Ⅰ","id":"B"},{"className":"고급물리학Ⅰ","id":"D"},{"className":"고급커뮤니케이션","id":"C"},{"className":"융합 @ 수학Ⅱ","id":"N"},{"className":"정보과학융합프로젝트","id":"L"},{"className":"중국어","id":"M"}]},{"name":"김태호","id":"30104","data":[{"className":"수학세미나Ⅰ","id":"B"},{"className":"물리학세미나Ⅰ","id":"C"},{"className":"음악과테크로놀로지Ⅰ","id":"Y"},{"className":"선형대수학","id":"X"},{"className":"융합 @ 수학Ⅱ","id":"N"},{"className":"창의적글쓰기","id":"L"},{"className":"중국어","id":"O"}]},{"name":"김헌규","id":"30105","data":[{"className":"수학세미나Ⅰ","id":"A"},{"className":"물리학세미나Ⅰ","id":"B"},{"className":"고급물리학Ⅰ","id":"D"},{"className":"세계사","id":"C"},{"className":"미술과테크로놀로지Ⅰ","id":"X"},{"className":"정보과학융합프로젝트","id":"N"},{"className":"중국어","id":"M"}]},{"name":"문하민","id":"30106","data":[{"className":"수학세미나Ⅰ","id":"A"},{"className":"고급물리학Ⅰ","id":"D"},{"className":"고급커뮤니케이션","id":"C"},{"className":"미술과테크로놀로지Ⅰ","id":"Y"},{"className":"객체지향프로그래밍","id":"X"},{"className":"정보과학융합프로젝트","id":"M"},{"className":"중국어","id":"L"}]},{"name":"박준혁","id":"30107","data":[{"className":"수학세미나Ⅰ","id":"X"},{"className":"물리학세미나Ⅰ","id":"C"},{"className":"고급커뮤니케이션","id":"L"},{"className":"음악과테크로놀로지Ⅰ","id":"Y"},{"className":"선형대수학","id":"M"},{"className":"정보과학융합프로젝트","id":"N"},{"className":"중국어","id":"O"}]},{"name":"박찬웅","id":"30108","data":[{"className":"수학세미나Ⅰ","id":"B"},{"className":"물리학세미나Ⅰ","id":"A"},{"className":"세계사","id":"C"},{"className":"미술과테크로놀로지Ⅰ","id":"Y"},{"className":"선형대수학","id":"X"},{"className":"융합 @ 수학Ⅱ","id":"N"},{"className":"중국어","id":"M"}]},{"name":"송지훈","id":"30109","data":[{"className":"수학세미나Ⅰ","id":"B"},{"className":"물리학세미나Ⅰ","id":"C"},{"className":"미술과테크로놀로지Ⅰ","id":"X"},{"className":"선형대수학","id":"M"},{"className":"정보과학융합프로젝트","id":"N"},{"className":"창의적글쓰기","id":"L"},{"className":"중국어","id":"O"}]},{"name":"신연우","id":"30110","data":[{"className":"수학세미나Ⅰ","id":"B"},{"className":"물리학세미나Ⅰ","id":"A"},{"className":"고급물리학Ⅰ","id":"D"},{"className":"세계사","id":"C"},{"className":"음악과테크로놀로지Ⅰ","id":"X"},{"className":"미술과테크로놀로지Ⅰ","id":"Y"},{"className":"융합 @ 수학Ⅱ","id":"N"},{"className":"중국어","id":"L"}]},{"name":"윤성근","id":"30111","data":[{"className":"수학세미나Ⅰ","id":"A"},{"className":"물리학세미나Ⅰ","id":"B"},{"className":"고급커뮤니케이션","id":"C"},{"className":"선형대수학","id":"X"},{"className":"융합 @ 수학Ⅱ","id":"N"},{"className":"정보과학융합프로젝트","id":"M"},{"className":"중국어","id":"L"}]},{"name":"이승민","id":"30112","data":[{"className":"수학세미나Ⅰ","id":"A"},{"className":"물리학세미나Ⅰ","id":"B"},{"className":"고급커뮤니케이션","id":"L"},{"className":"선형대수학","id":"X"},{"className":"융합 @ 수학Ⅱ","id":"C"},{"className":"정보과학융합프로젝트","id":"M"},{"className":"중국어","id":"N"}]},{"name":"이승환","id":"30113","data":[{"className":"수학세미나Ⅰ","id":"B"},{"className":"물리학세미나Ⅰ","id":"C"},{"className":"음악과테크로놀로지Ⅰ","id":"Y"},{"className":"미술과테크로놀로지Ⅰ","id":"X"},{"className":"선형대수학","id":"M"},{"className":"창의적글쓰기","id":"L"},{"className":"중국어","id":"O"}]},{"name":"이우진","id":"30114","data":[{"className":"수학세미나Ⅰ","id":"A"},{"className":"물리학세미나Ⅰ","id":"C"},{"className":"미술과테크로놀로지Ⅰ","id":"X"},{"className":"선형대수학","id":"M"},{"className":"정보과학융합프로젝트","id":"N"},{"className":"창의적글쓰기","id":"L"},{"className":"중국어","id":"O"}]},{"name":"최상욱","id":"30115","data":[{"className":"수학세미나Ⅰ","id":"B"},{"className":"물리학세미나Ⅰ","id":"A"},{"className":"고급물리학Ⅰ","id":"D"},{"className":"고급커뮤니케이션","id":"C"},{"className":"음악과테크로놀로지Ⅰ","id":"X"},{"className":"정보과학융합프로젝트","id":"L"},{"className":"중국어","id":"M"}]},{"name":"최지안","id":"30116","data":[{"className":"수학세미나Ⅰ","id":"A"},{"className":"물리학세미나Ⅰ","id":"B"},{"className":"고급커뮤니케이션","id":"C"},{"className":"선형대수학","id":"M"},{"className":"융합 @ 수학Ⅱ","id":"N"},{"className":"객체지향프로그래밍","id":"X"},{"className":"정보과학융합프로젝트","id":"L"},{"className":"일본어","id":"O"}]},{"name":"김서희","id":"30201","data":[{"className":"수학세미나Ⅰ","id":"B"},{"className":"물리학세미나Ⅰ","id":"A"},{"className":"고급커뮤니케이션","id":"L"},{"className":"음악과테크로놀로지Ⅰ","id":"X"},{"className":"미술과테크로놀로지Ⅰ","id":"C"},{"className":"선형대수학","id":"M"},{"className":"중국어","id":"O"}]},{"name":"안예서","id":"30202","data":[{"className":"수학세미나Ⅰ","id":"A"},{"className":"물리학세미나Ⅰ","id":"B"},{"className":"고급커뮤니케이션","id":"L"},{"className":"미술과테크로놀로지Ⅰ","id":"C"},{"className":"객체지향프로그래밍","id":"X"},{"className":"정보과학융합프로젝트","id":"N"},{"className":"창의적글쓰기","id":"M"},{"className":"중국어","id":"O"}]},{"name":"강현빈","id":"30203","data":[{"className":"수학세미나Ⅰ","id":"B"},{"className":"물리학세미나Ⅰ","id":"A"},{"className":"세계사","id":"C"},{"className":"고급커뮤니케이션","id":"L"},{"className":"음악과테크로놀로지Ⅰ","id":"Y"},{"className":"객체지향프로그래밍","id":"X"},{"className":"정보과학융합프로젝트","id":"M"},{"className":"일본어","id":"O"}]},{"name":"김도현","id":"30204","data":[{"className":"수학세미나Ⅰ","id":"A"},{"className":"물리학세미나Ⅰ","id":"B"},{"className":"음악과테크로놀로지Ⅰ","id":"D"},{"className":"선형대수학","id":"X"},{"className":"융합 @ 수학Ⅱ","id":"C"},{"className":"정보과학융합프로젝트","id":"L"},{"className":"창의적글쓰기","id":"M"},{"className":"중국어","id":"O"}]},{"name":"김명희","id":"30205","data":[{"className":"수학세미나Ⅰ","id":"B"},{"className":"물리학세미나Ⅰ","id":"A"},{"className":"고급커뮤니케이션","id":"C"},{"className":"음악과테크로놀로지Ⅰ","id":"Y"},{"className":"미술과테크로놀로지Ⅰ","id":"X"},{"className":"선형대수학","id":"M"},{"className":"중국어","id":"L"}]},{"name":"김태윤","id":"30206","data":[{"className":"수학세미나Ⅰ","id":"B"},{"className":"물리학세미나Ⅰ","id":"A"},{"className":"세계사","id":"C"},{"className":"미술과테크로놀로지Ⅰ","id":"Y"},{"className":"선형대수학","id":"X"},{"className":"정보과학융합프로젝트","id":"N"},{"className":"창의적글쓰기","id":"M"},{"className":"중국어","id":"L"}]},{"name":"김현민","id":"30207","data":[{"className":"수학세미나Ⅰ","id":"B"},{"className":"물리학세미나Ⅰ","id":"A"},{"className":"음악과테크로놀로지Ⅰ","id":"X"},{"className":"미술과테크로놀로지Ⅰ","id":"C"},{"className":"선형대수학","id":"M"},{"className":"창의적글쓰기","id":"L"},{"className":"일본어","id":"O"}]},{"name":"박진우","id":"30208","data":[{"className":"수학세미나Ⅰ","id":"O"},{"className":"물리학세미나Ⅰ","id":"A"},{"className":"고급물리학Ⅰ","id":"D"},{"className":"음악과테크로놀로지Ⅰ","id":"Y"},{"className":"미술과테크로놀로지Ⅰ","id":"X"},{"className":"창의적글쓰기","id":"M"},{"className":"중국어","id":"L"}]},{"name":"백강우","id":"30209","data":[{"className":"수학세미나Ⅰ","id":"B"},{"className":"물리학세미나Ⅰ","id":"C"},{"className":"고급물리학Ⅰ","id":"D"},{"className":"미술과테크로놀로지Ⅰ","id":"Y"},{"className":"객체지향프로그래밍","id":"X"},{"className":"정보과학융합프로젝트","id":"N"},{"className":"창의적글쓰기","id":"L"},{"className":"중국어","id":"M"}]},{"name":"소재인","id":"30210","data":[{"className":"수학세미나Ⅰ","id":"B"},{"className":"고급물리학Ⅰ","id":"D"},{"className":"고급커뮤니케이션","id":"C"},{"className":"미술과테크로놀로지Ⅰ","id":"Y"},{"className":"객체지향프로그래밍","id":"X"},{"className":"정보과학융합프로젝트","id":"M"},{"className":"중국어","id":"O"}]},{"name":"유태현","id":"30211","data":[{"className":"수학세미나Ⅰ","id":"X"},{"className":"물리학세미나Ⅰ","id":"B"},{"className":"고급물리학Ⅰ","id":"D"},{"className":"세계사","id":"C"},{"className":"선형대수학","id":"M"},{"className":"융합 @ 수학Ⅱ","id":"N"},{"className":"정보과학융합프로젝트","id":"L"},{"className":"일본어","id":"O"}]},{"name":"유현서","id":"30212","data":[{"className":"수학세미나Ⅰ","id":"A"},{"className":"물리학세미나Ⅰ","id":"C"},{"className":"고급커뮤니케이션","id":"L"},{"className":"선형대수학","id":"X"},{"className":"융합 @ 수학Ⅱ","id":"N"},{"className":"정보과학융합프로젝트","id":"M"},{"className":"중국어","id":"O"}]},{"name":"이정훈(2반)","id":"30213","data":[{"className":"수학세미나Ⅰ","id":"B"},{"className":"물리학세미나Ⅰ","id":"A"},{"className":"고급물리학Ⅰ","id":"D"},{"className":"고급커뮤니케이션","id":"C"},{"className":"음악과테크로놀로지Ⅰ","id":"X"},{"className":"정보과학융합프로젝트","id":"N"},{"className":"중국어","id":"M"}]},{"name":"정하영","id":"30214","data":[{"className":"수학세미나Ⅰ","id":"B"},{"className":"물리학세미나Ⅰ","id":"A"},{"className":"세계사","id":"C"},{"className":"융합 @ 수학Ⅱ","id":"N"},{"className":"객체지향프로그래밍","id":"X"},{"className":"정보과학융합프로젝트","id":"M"},{"className":"중국어","id":"L"}]},{"name":"채의헌","id":"30215","data":[{"className":"수학세미나Ⅰ","id":"X"},{"className":"물리학세미나Ⅰ","id":"B"},{"className":"고급물리학Ⅰ","id":"D"},{"className":"고급커뮤니케이션","id":"L"},{"className":"융합 @ 수학Ⅱ","id":"C"},{"className":"정보과학융합프로젝트","id":"M"},{"className":"중국어","id":"N"}]},{"name":"최윤호","id":"30216","data":[{"className":"수학세미나Ⅰ","id":"B"},{"className":"물리학세미나Ⅰ","id":"C"},{"className":"고급물리학Ⅰ","id":"D"},{"className":"음악과테크로놀로지Ⅰ","id":"X"},{"className":"미술과테크로놀로지Ⅰ","id":"Y"},{"className":"고급영어독해","id":"M"},{"className":"중국어","id":"L"}]},{"name":"임가은","id":"30301","data":[{"className":"수학세미나Ⅰ","id":"A"},{"className":"물리학세미나Ⅰ","id":"B"},{"className":"선형대수학","id":"X"},{"className":"융합 @ 수학Ⅱ","id":"C"},{"className":"정보과학융합프로젝트","id":"M"},{"className":"창의적글쓰기","id":"L"},{"className":"중국어","id":"O"}]},{"name":"최은정","id":"30302","data":[{"className":"수학세미나Ⅰ","id":"O"},{"className":"물리학세미나Ⅰ","id":"C"},{"className":"고급물리학Ⅰ","id":"D"},{"className":"음악과테크로놀로지Ⅰ","id":"X"},{"className":"미술과테크로놀로지Ⅰ","id":"Y"},{"className":"선형대수학","id":"M"},{"className":"중국어","id":"L"}]},{"name":"강하균","id":"30303","data":[{"className":"수학세미나Ⅰ","id":"A"},{"className":"물리학세미나Ⅰ","id":"C"},{"className":"미술과테크로놀로지Ⅰ","id":"X"},{"className":"선형대수학","id":"M"},{"className":"정보과학융합프로젝트","id":"N"},{"className":"창의적글쓰기","id":"L"},{"className":"일본어","id":"O"}]},{"name":"김규민","id":"30304","data":[{"className":"수학세미나Ⅰ","id":"O"},{"className":"물리학세미나Ⅰ","id":"A"},{"className":"고급커뮤니케이션","id":"L"},{"className":"미술과테크로놀로지Ⅰ","id":"Y"},{"className":"선형대수학","id":"X"},{"className":"융합 @ 수학Ⅱ","id":"C"},{"className":"중국어","id":"M"}]},{"name":"김현도","id":"30305","data":[{"className":"수학세미나Ⅰ","id":"A"},{"className":"물리학세미나Ⅰ","id":"B"},{"className":"음악과테크로놀로지Ⅰ","id":"Y"},{"className":"미술과테크로놀로지Ⅰ","id":"C"},{"className":"선형대수학","id":"X"},{"className":"창의적글쓰기","id":"M"},{"className":"중국어","id":"L"}]},{"name":"민승희","id":"30306","data":[{"className":"수학세미나Ⅰ","id":"O"},{"className":"물리학세미나Ⅰ","id":"C"},{"className":"고급물리학Ⅰ","id":"D"},{"className":"음악과테크로놀로지Ⅰ","id":"Y"},{"className":"미술과테크로놀로지Ⅰ","id":"X"},{"className":"창의적글쓰기","id":"M"},{"className":"중국어","id":"L"}]},{"name":"신재훈","id":"30307","data":[{"className":"수학세미나Ⅰ","id":"O"},{"className":"물리학세미나Ⅰ","id":"B"},{"className":"고급물리학Ⅰ","id":"D"},{"className":"음악과테크로놀로지Ⅰ","id":"X"},{"className":"미술과테크로놀로지Ⅰ","id":"C"},{"className":"고급영어독해","id":"M"},{"className":"중국어","id":"N"}]},{"name":"유동근","id":"30308","data":[{"className":"수학세미나Ⅰ","id":"A"},{"className":"물리학세미나Ⅰ","id":"B"},{"className":"미술과테크로놀로지Ⅰ","id":"C"},{"className":"객체지향프로그래밍","id":"X"},{"className":"정보과학융합프로젝트","id":"N"},{"className":"창의적글쓰기","id":"L"},{"className":"중국어","id":"M"}]},{"name":"이도훈","id":"30309","data":[{"className":"수학세미나Ⅰ","id":"B"},{"className":"고급물리학Ⅰ","id":"D"},{"className":"세계사","id":"C"},{"className":"고급커뮤니케이션","id":"L"},{"className":"융합 @ 수학Ⅱ","id":"N"},{"className":"객체지향프로그래밍","id":"X"},{"className":"정보과학융합프로젝트","id":"M"},{"className":"일본어","id":"O"}]},{"name":"이원준","id":"30310","data":[{"className":"수학세미나Ⅰ","id":"A"},{"className":"물리학세미나Ⅰ","id":"C"},{"className":"미술과테크로놀로지Ⅰ","id":"X"},{"className":"선형대수학","id":"M"},{"className":"정보과학융합프로젝트","id":"N"},{"className":"창의적글쓰기","id":"L"},{"className":"중국어","id":"O"}]},{"name":"이주영","id":"30311","data":[{"className":"수학세미나Ⅰ","id":"A"},{"className":"물리학세미나Ⅰ","id":"B"},{"className":"선형대수학","id":"X"},{"className":"융합 @ 수학Ⅱ","id":"C"},{"className":"정보과학융합프로젝트","id":"M"},{"className":"창의적글쓰기","id":"L"},{"className":"중국어","id":"O"}]},{"name":"이주형","id":"30312","data":[{"className":"수학세미나Ⅰ","id":"X"},{"className":"물리학세미나Ⅰ","id":"B"},{"className":"음악과테크로놀로지Ⅰ","id":"Y"},{"className":"선형대수학","id":"M"},{"className":"융합 @ 수학Ⅱ","id":"C"},{"className":"정보과학융합프로젝트","id":"N"},{"className":"창의적글쓰기","id":"L"},{"className":"중국어","id":"O"}]},{"name":"정환규","id":"30313","data":[{"className":"수학세미나Ⅰ","id":"B"},{"className":"물리학세미나Ⅰ","id":"C"},{"className":"선형대수학","id":"X"},{"className":"융합 @ 수학Ⅱ","id":"N"},{"className":"정보과학융합프로젝트","id":"M"},{"className":"창의적글쓰기","id":"L"},{"className":"중국어","id":"O"}]},{"name":"추건우","id":"30314","data":[{"className":"수학세미나Ⅰ","id":"O"},{"className":"물리학세미나Ⅰ","id":"C"},{"className":"고급커뮤니케이션","id":"L"},{"className":"미술과테크로놀로지Ⅰ","id":"Y"},{"className":"객체지향프로그래밍","id":"X"},{"className":"정보과학융합프로젝트","id":"N"},{"className":"중국어","id":"M"}]},{"name":"허태호","id":"30315","data":[{"className":"수학세미나Ⅰ","id":"A"},{"className":"물리학세미나Ⅰ","id":"C"},{"className":"음악과테크로놀로지Ⅰ","id":"D"},{"className":"선형대수학","id":"X"},{"className":"정보과학융합프로젝트","id":"L"},{"className":"창의적글쓰기","id":"M"},{"className":"중국어","id":"N"}]},{"name":"강은혜","id":"30401","data":[{"className":"수학세미나Ⅰ","id":"X"},{"className":"생물학세미나Ⅰ","id":"A"},{"className":"세포생물학","id":"B"},{"className":"음악과테크로놀로지Ⅰ","id":"D"},{"className":"미술과테크로놀로지Ⅰ","id":"C"},{"className":"고급영어독해","id":"M"},{"className":"중국어","id":"L"}]},{"name":"김새봄","id":"30402","data":[{"className":"수학세미나Ⅰ","id":"O"},{"className":"생물학세미나Ⅰ","id":"A"},{"className":"세포생물학","id":"B"},{"className":"음악과테크로놀로지Ⅰ","id":"X"},{"className":"미술과테크로놀로지Ⅰ","id":"C"},{"className":"고급영어독해","id":"M"},{"className":"창의적글쓰기","id":"L"},{"className":"중국어","id":"N"}]},{"name":"김예원","id":"30403","data":[{"className":"수학세미나Ⅰ","id":"X"},{"className":"생물학세미나Ⅰ","id":"A"},{"className":"세포생물학","id":"B"},{"className":"음악과테크로놀로지Ⅰ","id":"D"},{"className":"융합 @ 수학Ⅱ","id":"C"},{"className":"창의적글쓰기","id":"M"},{"className":"일본어","id":"O"}]},{"name":"김윤영","id":"30404","data":[{"className":"수학세미나Ⅰ","id":"O"},{"className":"생물학세미나Ⅰ","id":"A"},{"className":"세포생물학","id":"B"},{"className":"세계사","id":"C"},{"className":"음악과테크로놀로지Ⅰ","id":"D"},{"className":"고급영어독해","id":"M"},{"className":"정보과학융합프로젝트","id":"L"},{"className":"중국어","id":"N"}]},{"name":"이성현","id":"30405","data":[{"className":"수학세미나Ⅰ","id":"O"},{"className":"생물학세미나Ⅰ","id":"A"},{"className":"세포생물학","id":"B"},{"className":"음악과테크로놀로지Ⅰ","id":"D"},{"className":"미술과테크로놀로지Ⅰ","id":"C"},{"className":"고급영어독해","id":"M"},{"className":"중국어","id":"L"}]},{"name":"조주연","id":"30406","data":[{"className":"수학세미나Ⅰ","id":"X"},{"className":"생물학세미나Ⅰ","id":"A"},{"className":"세포생물학","id":"B"},{"className":"음악과테크로놀로지Ⅰ","id":"D"},{"className":"미술과테크로놀로지Ⅰ","id":"C"},{"className":"고급영어독해","id":"M"},{"className":"일본어","id":"O"}]},{"name":"최예림","id":"30407","data":[{"className":"수학세미나Ⅰ","id":"X"},{"className":"생물학세미나Ⅰ","id":"A"},{"className":"세포생물학","id":"B"},{"className":"미술과테크로놀로지Ⅰ","id":"C"},{"className":"고급영어독해","id":"M"},{"className":"정보과학융합프로젝트","id":"L"},{"className":"중국어","id":"N"}]},{"name":"연규환","id":"30408","data":[{"className":"수학세미나Ⅰ","id":"X"},{"className":"생물학세미나Ⅰ","id":"A"},{"className":"세포생물학","id":"B"},{"className":"융합 @ 수학Ⅱ","id":"C"},{"className":"정보과학융합프로젝트","id":"L"},{"className":"창의적글쓰기","id":"M"},{"className":"중국어","id":"N"}]},{"name":"오세훈","id":"30409","data":[{"className":"수학세미나Ⅰ","id":"X"},{"className":"생물학세미나Ⅰ","id":"A"},{"className":"세포생물학","id":"B"},{"className":"고급커뮤니케이션","id":"L"},{"className":"미술과테크로놀로지Ⅰ","id":"C"},{"className":"정보과학융합프로젝트","id":"M"},{"className":"일본어","id":"O"}]},{"name":"오승현","id":"30410","data":[{"className":"수학세미나Ⅰ","id":"X"},{"className":"생물학세미나Ⅰ","id":"A"},{"className":"세포생물학","id":"B"},{"className":"음악과테크로놀로지Ⅰ","id":"D"},{"className":"미술과테크로놀로지Ⅰ","id":"C"},{"className":"창의적글쓰기","id":"M"},{"className":"일본어","id":"O"}]},{"name":"유형준","id":"30411","data":[{"className":"수학세미나Ⅰ","id":"O"},{"className":"물리학세미나Ⅰ","id":"A"},{"className":"고급커뮤니케이션","id":"L"},{"className":"선형대수학","id":"X"},{"className":"융합 @ 수학Ⅱ","id":"C"},{"className":"정보과학융합프로젝트","id":"N"},{"className":"중국어","id":"M"}]},{"name":"윤재영","id":"30412","data":[{"className":"수학세미나Ⅰ","id":"O"},{"className":"생물학세미나Ⅰ","id":"A"},{"className":"세포생물학","id":"B"},{"className":"음악과테크로놀로지Ⅰ","id":"X"},{"className":"미술과테크로놀로지Ⅰ","id":"C"},{"className":"창의적글쓰기","id":"M"},{"className":"중국어","id":"L"}]},{"name":"이정훈(4반)","id":"30413","data":[{"className":"수학세미나Ⅰ","id":"X"},{"className":"생물학세미나Ⅰ","id":"A"},{"className":"세포생물학","id":"B"},{"className":"세계사","id":"C"},{"className":"음악과테크로놀로지Ⅰ","id":"D"},{"className":"미술과테크로놀로지Ⅰ","id":"Y"},{"className":"일본어","id":"O"}]},{"name":"이준호","id":"30414","data":[{"className":"수학세미나Ⅰ","id":"O"},{"className":"생물학세미나Ⅰ","id":"A"},{"className":"세포생물학","id":"B"},{"className":"고급커뮤니케이션","id":"L"},{"className":"음악과테크로놀로지Ⅰ","id":"Y"},{"className":"미술과테크로놀로지Ⅰ","id":"X"},{"className":"중국어","id":"M"}]},{"name":"정유호","id":"30415","data":[{"className":"수학세미나Ⅰ","id":"A"},{"className":"물리학세미나Ⅰ","id":"B"},{"className":"고급커뮤니케이션","id":"C"},{"className":"음악과테크로놀로지Ⅰ","id":"Y"},{"className":"미술과테크로놀로지Ⅰ","id":"X"},{"className":"선형대수학","id":"M"},{"className":"중국어","id":"L"}]},{"name":"조민석","id":"30416","data":[{"className":"수학세미나Ⅰ","id":"O"},{"className":"생물학세미나Ⅰ","id":"A"},{"className":"융합 @ 수학Ⅱ","id":"C"},{"className":"객체지향프로그래밍","id":"X"},{"className":"정보과학융합프로젝트","id":"N"},{"className":"창의적글쓰기","id":"L"},{"className":"중국어","id":"M"}]},{"name":"이소민","id":"30501","data":[{"className":"수학세미나Ⅰ","id":"X"},{"className":"화학세미나Ⅰ","id":"B"},{"className":"유기화학","id":"A"},{"className":"세계사","id":"C"},{"className":"음악과테크로놀로지Ⅰ","id":"D"},{"className":"미술과테크로놀로지Ⅰ","id":"Y"},{"className":"중국어","id":"M"}]},{"name":"정민주","id":"30502","data":[{"className":"수학세미나Ⅰ","id":"O"},{"className":"화학세미나Ⅰ","id":"B"},{"className":"유기화학","id":"A"},{"className":"고급커뮤니케이션","id":"C"},{"className":"음악과테크로놀로지Ⅰ","id":"X"},{"className":"정보과학융합프로젝트","id":"M"},{"className":"중국어","id":"N"}]},{"name":"정지현","id":"30503","data":[{"className":"수학세미나Ⅰ","id":"O"},{"className":"화학세미나Ⅰ","id":"B"},{"className":"유기화학","id":"A"},{"className":"고급커뮤니케이션","id":"C"},{"className":"음악과테크로놀로지Ⅰ","id":"Y"},{"className":"미술과테크로놀로지Ⅰ","id":"X"},{"className":"중국어","id":"M"}]},{"name":"김민혁","id":"30504","data":[{"className":"수학세미나Ⅰ","id":"X"},{"className":"화학세미나Ⅰ","id":"B"},{"className":"유기화학","id":"A"},{"className":"고급커뮤니케이션","id":"C"},{"className":"음악과테크로놀로지Ⅰ","id":"Y"},{"className":"정보과학융합프로젝트","id":"L"},{"className":"중국어","id":"N"}]},{"name":"김인식","id":"30505","data":[{"className":"수학세미나Ⅰ","id":"X"},{"className":"화학세미나Ⅰ","id":"B"},{"className":"유기화학","id":"A"},{"className":"세계사","id":"C"},{"className":"음악과테크로놀로지Ⅰ","id":"D"},{"className":"미술과테크로놀로지Ⅰ","id":"Y"},{"className":"창의적글쓰기","id":"M"},{"className":"중국어","id":"L"}]},{"name":"김정원","id":"30506","data":[{"className":"수학세미나Ⅰ","id":"O"},{"className":"화학세미나Ⅰ","id":"B"},{"className":"유기화학","id":"A"},{"className":"음악과테크로놀로지Ⅰ","id":"X"},{"className":"미술과테크로놀로지Ⅰ","id":"C"},{"className":"창의적글쓰기","id":"L"},{"className":"중국어","id":"M"}]},{"name":"문정호","id":"30507","data":[{"className":"수학세미나Ⅰ","id":"O"},{"className":"화학세미나Ⅰ","id":"B"},{"className":"유기화학","id":"A"},{"className":"고급커뮤니케이션","id":"C"},{"className":"음악과테크로놀로지Ⅰ","id":"Y"},{"className":"미술과테크로놀로지Ⅰ","id":"X"},{"className":"중국어","id":"M"}]},{"name":"박무혁","id":"30508","data":[{"className":"수학세미나Ⅰ","id":"X"},{"className":"화학세미나Ⅰ","id":"B"},{"className":"유기화학","id":"A"},{"className":"미술과테크로놀로지Ⅰ","id":"C"},{"className":"정보과학융합프로젝트","id":"L"},{"className":"창의적글쓰기","id":"M"},{"className":"일본어","id":"O"}]},{"name":"서재원","id":"30509","data":[{"className":"수학세미나Ⅰ","id":"B"},{"className":"물리학세미나Ⅰ","id":"A"},{"className":"고급커뮤니케이션","id":"C"},{"className":"음악과테크로놀로지Ⅰ","id":"X"},{"className":"미술과테크로놀로지Ⅰ","id":"Y"},{"className":"선형대수학","id":"M"},{"className":"중국어","id":"L"}]},{"name":"이준영","id":"30510","data":[{"className":"수학세미나Ⅰ","id":"A"},{"className":"화학세미나Ⅰ","id":"B"},{"className":"고급커뮤니케이션","id":"L"},{"className":"음악과테크로놀로지Ⅰ","id":"D"},{"className":"미술과테크로놀로지Ⅰ","id":"C"},{"className":"선형대수학","id":"X"},{"className":"중국어","id":"N"}]},{"name":"이진서","id":"30511","data":[{"className":"수학세미나Ⅰ","id":"X"},{"className":"화학세미나Ⅰ","id":"B"},{"className":"유기화학","id":"A"},{"className":"세계사","id":"C"},{"className":"음악과테크로놀로지Ⅰ","id":"D"},{"className":"미술과테크로놀로지Ⅰ","id":"Y"},{"className":"일본어","id":"O"}]},{"name":"이태윤","id":"30512","data":[{"className":"수학세미나Ⅰ","id":"A"},{"className":"화학세미나Ⅰ","id":"B"},{"className":"고급커뮤니케이션","id":"C"},{"className":"음악과테크로놀로지Ⅰ","id":"D"},{"className":"미술과테크로놀로지Ⅰ","id":"Y"},{"className":"선형대수학","id":"X"},{"className":"중국어","id":"N"}]},{"name":"임유현","id":"30513","data":[{"className":"수학세미나Ⅰ","id":"A"},{"className":"화학세미나Ⅰ","id":"B"},{"className":"세계사","id":"C"},{"className":"음악과테크로놀로지Ⅰ","id":"D"},{"className":"선형대수학","id":"M"},{"className":"융합 @ 수학Ⅱ","id":"N"},{"className":"객체지향프로그래밍","id":"X"},{"className":"정보과학융합프로젝트","id":"L"},{"className":"중국어","id":"O"}]},{"name":"조민준","id":"30514","data":[{"className":"수학세미나Ⅰ","id":"O"},{"className":"화학세미나Ⅰ","id":"B"},{"className":"음악과테크로놀로지Ⅰ","id":"D"},{"className":"미술과테크로놀로지Ⅰ","id":"X"},{"className":"선형대수학","id":"M"},{"className":"창의적글쓰기","id":"L"},{"className":"중국어","id":"N"}]},{"name":"조성희","id":"30515","data":[{"className":"수학세미나Ⅰ","id":"X"},{"className":"화학세미나Ⅰ","id":"B"},{"className":"유기화학","id":"A"},{"className":"세계사","id":"C"},{"className":"미술과테크로놀로지Ⅰ","id":"Y"},{"className":"정보과학융합프로젝트","id":"M"},{"className":"중국어","id":"N"}]},{"name":"진민규","id":"30516","data":[{"className":"수학세미나Ⅰ","id":"O"},{"className":"물리학세미나Ⅰ","id":"C"},{"className":"고급물리학Ⅰ","id":"D"},{"className":"미술과테크로놀로지Ⅰ","id":"X"},{"className":"정보과학융합프로젝트","id":"L"},{"className":"창의적글쓰기","id":"M"},{"className":"중국어","id":"N"}]}]}